Timestep,Score,Won,Steps Alive
376,2,0,47
752,1,0,47
1128,0,0,47
1520,2,0,49
2032,1,0,64
3192,3,0,145
3576,1,0,48
4040,1,0,58
4472,1,0,54
4848,2,0,47
5256,0,0,51
5696,1,0,55
6072,2,0,47
6448,2,0,47
7296,3,0,106
7712,1,0,52
8048,1,0,42
8472,1,0,53
8904,1,0,54
9080,2,0,22
9480,2,0,50
10712,5,0,154
11088,1,0,47
11472,1,0,48
11936,1,0,58
12328,2,0,49
13144,2,0,102
13528,2,0,48
13976,1,0,56
14400,2,0,53
15344,2,0,118
15808,2,0,58
16184,1,0,47
16648,2,0,58
17072,1,0,53
17456,0,0,48
18016,0,0,70
18432,2,0,52
18888,1,0,57
19800,2,0,114
20648,2,0,106
21080,1,0,54
21456,1,0,47
22352,4,0,112
22736,1,0,48
23176,0,0,55
23584,2,0,51
23960,0,0,47
25192,3,0,154
25640,2,0,56
26016,1,0,47
26408,2,0,49
26800,1,0,49
27192,1,0,49
27592,0,0,50
28760,3,0,146
29216,1,0,57
29760,1,0,68
30152,1,0,49
30528,1,0,47
30920,2,0,49
31304,2,0,48
31736,1,0,54
32232,1,0,62
32608,1,0,47
33016,1,0,51
34616,5,0,200
35088,2,0,59
35544,1,0,57
35936,2,0,49
36360,2,0,53
36736,2,0,47
37120,2,0,48
37496,1,0,47
37944,1,0,56
38376,1,0,54
40168,8,0,224
40984,2,0,102
41368,2,0,48
41752,1,0,48
42128,2,0,47
42592,1,0,58
43784,2,0,149
44232,1,0,56
45024,2,0,99
45456,1,0,54
46240,2,0,98
46640,1,0,50
47112,2,0,59
48792,2,0,210
49160,1,0,46
49544,1,0,48
49920,2,0,47
50880,4,0,120
52160,3,0,160
52928,2,0,96
53304,2,0,47
53704,1,0,50
54120,1,0,52
54496,1,0,47
54872,0,0,47
55248,1,0,47
56056,2,0,101
57432,2,0,172
59216,5,0,223
59640,2,0,53
60016,2,0,47
60448,1,0,54
60840,1,0,49
61688,2,0,106
62128,1,0,55
62560,1,0,54
63592,4,0,129
66760,7,0,396
67936,4,0,147
68456,1,0,65
69288,3,0,104
70520,2,0,154
70952,1,0,54
71336,1,0,48
71728,1,0,49
72536,2,0,101
72920,1,0,48
73280,1,0,45
74968,5,0,211
75400,1,0,54
76208,3,0,101
76632,2,0,53
77136,1,0,63
77512,2,0,47
77960,1,0,56
78400,2,0,55
78816,2,0,52
79192,2,0,47
79656,2,0,58
80032,2,0,47
81336,2,0,163
81720,2,0,48
81928,1,0,26
82320,1,0,49
82760,1,0,55
83160,0,0,50
84464,3,0,163
85336,3,0,109
85808,0,0,59
86248,0,0,55
86640,2,0,49
87064,1,0,53
87872,2,0,101
88256,1,0,48
89512,7,0,157
89936,0,0,53
90424,0,0,61
90800,1,0,47
91272,1,0,59
91672,1,0,50
92064,2,0,49
92624,1,0,70
93000,2,0,47
93848,2,0,106
94224,1,0,47
94664,2,0,55
95128,2,0,58
95576,1,0,56
95976,2,0,50
96496,1,0,65
97256,4,0,95
97680,1,0,53
98056,2,0,47
98640,1,0,73
99120,2,0,60
99568,1,0,56
100856,5,0,161
102248,3,0,174
102672,2,0,53
103112,1,0,55
104736,5,0,203
107344,6,0,326
107728,1,0,48
108136,2,0,51
108984,1,0,106
109576,1,0,74
109952,0,0,47
111216,2,0,158
111656,1,0,55
112096,1,0,55
114144,6,0,256
114632,1,0,61
114760,1,0,16
115168,1,0,51
115560,1,0,49
115936,1,0,47
116392,1,0,57
116784,1,0,49
118336,1,0,194
119624,3,0,161
120096,1,0,59
120928,2,0,104
121344,2,0,52
121728,1,0,48
122144,2,0,52
123768,7,0,203
124144,2,0,47
124520,1,0,47
124976,2,0,57
126728,4,0,219
127128,0,0,50
128000,3,0,109
128376,1,0,47
129672,4,0,162
130544,2,0,109
130928,1,0,48
131352,1,0,53
131744,2,0,49
132992,3,0,156
133592,2,0,75
133968,2,0,47
134344,1,0,47
134720,1,0,47
135864,4,0,143
137504,6,0,205
137880,1,0,47
139016,4,0,142
139520,2,0,63
139968,1,0,56
141192,4,0,153
141776,2,0,73
143088,5,0,164
143560,2,0,59
145944,6,0,298
147120,4,0,147
148208,5,0,136
148592,2,0,48
148984,1,0,49
149376,1,0,49
150312,3,0,117
151592,3,0,160
152376,2,0,98
152760,1,0,48
153552,3,0,99
154032,1,0,60
154472,1,0,55
155256,2,0,98
155672,1,0,52
156080,1,0,51
156456,1,0,47
156848,1,0,49
158144,3,0,162
158928,2,0,98
160192,5,0,158
160584,1,0,49
161360,2,0,97
161792,1,0,54
162168,2,0,47
162560,2,0,49
163008,1,0,56
163768,2,0,95
163912,1,0,18
164688,2,0,97
166000,4,0,164
166896,3,0,112
167352,1,0,57
167808,2,0,57
168640,3,0,104
169048,1,0,51
169824,3,0,97
170600,3,0,97
170976,1,0,47
171376,1,0,50
172152,2,0,97
172576,2,0,53
173424,2,0,106
173800,2,0,47
175048,3,0,156
175424,1,0,47
175896,2,0,59
177152,4,0,157
179064,4,0,239
179440,1,0,47
180232,3,0,99
181568,4,0,167
182760,4,0,149
183144,1,0,48
183960,3,0,102
184352,0,0,49
184840,1,0,61
185296,2,0,57
185704,1,0,51
186216,1,0,64
187456,5,0,155
187840,1,0,48
188312,1,0,59
188768,1,0,57
189208,1,0,55
191360,5,0,269
191736,2,0,47
192184,1,0,56
192544,1,0,45
194104,4,0,195
195424,4,0,165
195856,2,0,54
197056,4,0,150
197488,0,0,54
197896,1,0,51
199120,3,0,153
199496,2,0,47
200304,2,0,101
201576,3,0,159
202376,3,0,100
202800,1,0,53
203232,0,0,54
203648,0,0,52
204088,1,0,55
204464,0,0,47
206048,6,0,198
206520,1,0,59
206944,1,0,53
207368,2,0,53
208152,4,0,98
208552,1,0,50
208960,2,0,51
210296,4,0,167
210672,2,0,47
211056,1,0,48
211440,1,0,48
212064,2,0,78
214656,9,0,324
215904,4,0,156
216408,2,0,63
217184,2,0,97
217568,2,0,48
217992,1,0,53
218368,2,0,47
218880,2,0,64
219760,3,0,110
220624,3,0,108
221008,2,0,48
222640,4,0,204
223896,4,0,157
225160,2,0,158
225544,2,0,48
225920,1,0,47
226376,2,0,57
227600,3,0,153
229832,6,0,279
231440,3,0,201
232344,2,0,113
234664,9,0,290
235872,2,0,151
237152,4,0,160
238112,2,0,120
238592,1,0,60
239272,2,0,85
240048,3,0,97
240424,2,0,47
240816,1,0,49
241208,0,0,49
241632,2,0,53
242008,0,0,47
243752,5,0,218
244128,2,0,47
244600,1,0,59
244976,1,0,47
246328,4,0,169
246752,1,0,53
247176,1,0,53
248352,4,0,147
248744,1,0,49
249216,2,0,59
249672,1,0,57
250072,1,0,50
250448,2,0,47
251712,4,0,158
252872,3,0,145
253248,1,0,47
253688,1,0,55
254064,1,0,47
255504,3,0,180
255896,1,0,49
256280,2,0,48
257520,3,0,155
259024,5,0,188
259400,2,0,47
259784,1,0,48
260928,3,0,143
261304,2,0,47
262680,3,0,172
263152,1,0,59
264400,3,0,156
265560,4,0,145
266000,2,0,55
266376,1,0,47
266776,1,0,50
267160,0,0,48
267536,2,0,47
267976,1,0,55
268368,1,0,49
268776,1,0,51
269184,1,0,51
269560,2,0,47
270600,5,0,130
271384,2,0,98
272040,1,0,82
272488,1,0,56
273416,2,0,116
274968,5,0,194
275400,1,0,54
275872,2,0,59
276312,1,0,55
276840,1,0,66
278160,4,0,165
278608,1,0,56
279000,2,0,49
279448,2,0,56
281912,8,0,308
282336,1,0,53
283616,4,0,160
285296,7,0,210
287176,4,0,235
287600,1,0,53
288032,1,0,54
288544,1,0,64
289792,4,0,156
291488,4,0,212
292720,4,0,154
293928,2,0,151
294792,2,0,108
294936,1,0,18
295312,1,0,47
295704,1,0,49
297864,6,0,270
298272,1,0,51
298736,1,0,58
299216,2,0,60
300296,2,0,135
300672,2,0,47
301088,1,0,52
301464,2,0,47
302912,6,0,181
303352,1,0,55
303768,2,0,52
305824,3,0,257
306720,2,0,112
307096,2,0,47
308296,4,0,150
309472,4,0,147
309936,1,0,58
310360,1,0,53
311152,1,0,99
311304,1,0,19
311696,1,0,49
312184,1,0,61
314216,6,0,254
315392,5,0,147
315864,1,0,59
316312,1,0,56
317120,4,0,101
318016,2,0,112
318928,2,0,114
319312,1,0,48
319808,1,0,62
320744,3,0,117
321136,2,0,49
321944,1,0,101
322320,0,0,47
322768,1,0,56
323240,2,0,59
323616,1,0,47
323984,2,0,46
324480,1,0,62
325320,2,0,105
325760,1,0,55
326136,1,0,47
326584,2,0,56
326968,1,0,48
327560,0,0,74
327744,0,0,23
328240,2,0,62
328736,1,0,62
329248,2,0,64
330080,4,0,104
330480,1,0,50
331776,4,0,162
332608,3,0,104
333048,0,0,55
333488,1,0,55
333944,2,0,57
334336,1,0,49
334728,2,0,49
335144,1,0,52
335984,3,0,105
337184,3,0,150
337560,2,0,47
338032,1,0,59
338928,1,0,112
339320,1,0,49
339712,2,0,49
340104,1,0,49
341392,4,0,161
341880,2,0,61
342320,1,0,55
342696,2,0,47
343464,2,0,96
344704,3,0,155
345112,1,0,51
345528,2,0,52
346024,1,0,62
346416,1,0,49
346832,1,0,52
347616,2,0,98
348160,1,0,68
348952,2,0,99
349376,1,0,53
349784,1,0,51
350176,1,0,49
350576,1,0,50
351440,2,0,108
352240,2,0,100
353040,2,0,100
354392,3,0,169
355808,4,0,177
356200,1,0,49
356584,1,0,48
360456,12,0,484
361816,4,0,170
363064,4,0,156
364224,4,0,145
364632,2,0,51
365016,1,0,48
365400,0,0,48
366024,1,0,78
366456,2,0,54
366848,1,0,49
367624,3,0,97
369192,5,0,196
372072,7,0,360
372448,1,0,47
373200,2,0,94
374040,3,0,105
374504,1,0,58
374912,0,0,51
375360,2,0,56
375768,1,0,51
376584,2,0,102
378280,5,0,212
378728,2,0,56
380672,7,0,243
381944,4,0,159
382344,1,0,50
383584,4,0,155
383976,1,0,49
387128,12,0,394
388000,2,0,109
389136,3,0,142
389512,1,0,47
389888,0,0,47
390264,0,0,47
390640,1,0,47
391016,2,0,47
391816,2,0,100
392224,1,0,51
392616,0,0,49
393472,2,0,107
394112,1,0,80
394568,2,0,57
394968,1,0,50
395360,1,0,49
396496,3,0,142
396872,2,0,47
397344,1,0,59
398776,3,0,179
400216,3,0,180
400976,2,0,95
401408,1,0,54
402240,2,0,104
402672,1,0,54
403440,2,0,96
403968,1,0,66
404416,1,0,56
406552,5,0,267
407864,3,0,164
408320,3,0,57
409992,5,0,209
410408,1,0,52
410784,1,0,47
411192,2,0,51
411600,1,0,51
412104,1,0,63
412480,2,0,47
412872,1,0,49
413736,2,0,108
414880,6,0,143
415256,2,0,47
415632,0,0,47
416008,1,0,47
416392,1,0,48
417704,3,0,164
418872,4,0,146
420104,4,0,154
420480,0,0,47
421480,2,0,125
423928,7,0,306
424312,0,0,48
424712,2,0,50
425136,1,0,53
425528,2,0,49
426016,2,0,61
427240,4,0,153
428512,3,0,159
429208,1,0,87
430000,2,0,99
430912,2,0,114
431360,1,0,56
431752,1,0,49
432744,4,0,124
433512,2,0,96
434792,4,0,160
435184,1,0,49
435976,2,0,99
436400,1,0,53
436784,1,0,48
437232,2,0,56
438024,2,0,99
439392,3,0,171
439776,2,0,48
440208,1,0,54
440672,1,0,58
442232,5,0,195
443480,4,0,156
443944,1,0,58
444360,2,0,52
444736,2,0,47
445952,5,0,152
446328,0,0,47
446752,2,0,53
447632,3,0,110
448024,0,0,49
449272,4,0,156
450568,3,0,162
451048,2,0,60
451440,1,0,49
451880,2,0,55
453144,4,0,158
453560,2,0,52
453936,1,0,47
454712,2,0,97
455112,1,0,50
455544,2,0,54
455944,2,0,50
456848,2,0,113
459160,7,0,289
459648,1,0,61
460120,1,0,59
460496,2,0,47
461088,0,0,74
462744,5,0,207
463128,2,0,48
464392,3,0,158
464784,0,0,49
465160,2,0,47
465592,1,0,54
467808,8,0,277
468240,1,0,54
469072,2,0,104
469848,3,0,97
470232,1,0,48
470760,1,0,66
471568,3,0,101
473208,5,0,205
473600,1,0,49
474776,3,0,147
475144,1,0,46
476336,3,0,149
476720,2,0,48
477096,1,0,47
477472,2,0,47
478296,2,0,103
479288,2,0,124
481336,5,0,256
482416,4,0,135
482824,2,0,51
484040,3,0,152
485424,5,0,173
485800,1,0,47
486600,2,0,100
488608,4,0,251
490056,4,0,181
490544,2,0,61
490936,2,0,49
491368,2,0,54
491528,0,0,20
492896,5,0,171
493376,1,0,60
493768,1,0,49
494952,3,0,148
495496,2,0,68
497248,5,0,219
498504,3,0,157
498992,1,0,61
500352,2,0,170
500728,1,0,47
501608,4,0,110
501984,1,0,47
502408,1,0,53
502872,1,0,58
503264,1,0,49
504520,4,0,157
506264,4,0,218
506688,2,0,53
508360,2,0,209
508752,2,0,49
509136,2,0,48
511408,5,0,284
512296,3,0,111
513192,2,0,112
513584,1,0,49
513984,2,0,50
514368,1,0,48
515216,3,0,106
515608,1,0,49
517784,8,0,272
519568,5,0,223
520416,2,0,106
520888,2,0,59
523856,7,0,371
526336,5,0,310
528280,5,0,243
529568,4,0,161
531320,3,0,219
533416,4,0,262
534552,2,0,142
535352,2,0,100
536544,3,0,149
537008,1,0,58
537432,1,0,53
537808,2,0,47
538184,2,0,47
539480,1,0,162
539856,2,0,47
540240,1,0,48
540680,1,0,55
541528,2,0,106
541904,0,0,47
542816,2,0,114
543192,2,0,47
544904,5,0,214
545480,1,0,72
545856,2,0,47
546240,2,0,48
546624,1,0,48
547176,1,0,69
548008,1,0,104
548776,2,0,96
549272,1,0,62
549704,2,0,54
551784,5,0,260
552232,0,0,56
553656,4,0,178
554232,1,0,72
555600,3,0,171
556064,2,0,58
557256,4,0,149
558688,6,0,179
559824,3,0,142
560248,1,0,53
560664,1,0,52
561128,1,0,58
562504,4,0,172
562912,1,0,51
563352,1,0,55
565328,5,0,247
565712,1,0,48
566136,1,0,53
566560,1,0,53
566936,0,0,47
567352,1,0,52
569696,7,0,293
570520,2,0,103
571784,3,0,158
572344,1,0,70
573448,3,0,138
574032,1,0,73
574816,2,0,98
575200,1,0,48
575632,0,0,54
576080,1,0,56
576456,2,0,47
576920,1,0,58
578144,4,0,153
578992,2,0,106
579368,2,0,47
579752,2,0,48
580128,2,0,47
583480,5,0,419
584672,3,0,149
585136,1,0,58
585736,2,0,75
587824,8,0,261
588304,1,0,60
588680,1,0,47
589056,2,0,47
589440,1,0,48
590328,1,0,111
591112,4,0,98
592128,3,0,127
592984,2,0,107
595216,6,0,279
596368,4,0,144
596792,2,0,53
597552,1,0,95
597944,2,0,49
598424,2,0,60
599664,3,0,155
600264,1,0,75
600672,2,0,51
601048,1,0,47
601440,2,0,49
601816,1,0,47
602760,2,0,118
603584,3,0,103
604040,1,0,57
605208,5,0,146
605584,1,0,47
605976,2,0,49
606416,1,0,55
608072,5,0,207
609016,2,0,118
609896,2,0,110
613000,7,0,388
613376,1,0,47
613752,1,0,47
614920,5,0,146
615928,2,0,126
616384,1,0,57
617160,3,0,97
618864,4,0,213
619256,1,0,49
619680,2,0,53
620456,3,0,97
620984,1,0,66
622256,5,0,159
622728,2,0,59
623240,1,0,64
624472,3,0,154
625656,3,0,148
626056,1,0,50
626448,0,0,49
627992,6,0,193
630592,7,0,325
631864,3,0,159
633192,4,0,166
633584,1,0,49
635152,4,0,196
637160,8,0,251
637544,2,0,48
639624,5,0,260
640008,1,0,48
641192,4,0,148
641640,1,0,56
642048,1,0,51
643296,3,0,156
644472,5,0,147
645464,3,0,124
647104,6,0,205
647888,2,0,98
649032,4,0,143
649408,2,0,47
650568,2,0,145
651464,2,0,112
652296,2,0,104
652688,0,0,49
653552,2,0,108
655240,2,0,211
655960,2,0,90
657200,1,0,155
657600,1,0,50
658120,1,0,65
660944,5,0,353
661720,2,0,97
662616,5,0,112
662992,1,0,47
663760,2,0,96
665112,3,0,169
666744,2,0,204
667120,2,0,47
667944,3,0,103
668360,1,0,52
670352,6,0,249
670832,1,0,60
671232,1,0,50
671608,1,0,47
672032,1,0,53
672448,1,0,52
673776,2,0,166
674224,2,0,56
674952,1,0,91
675376,1,0,53
676160,2,0,98
677320,3,0,145
679768,3,0,306
680248,1,0,60
681496,4,0,156
682264,2,0,96
683464,4,0,150
683936,1,0,59
685456,5,0,190
685832,1,0,47
686264,1,0,54
686640,1,0,47
687024,1,0,48
688288,4,0,158
689472,4,0,148
690640,4,0,146
691048,1,0,51
691440,1,0,49
692264,3,0,103
693440,3,0,147
693848,1,0,51
695208,4,0,170
696040,2,0,104
697168,4,0,141
698064,1,0,112
698448,1,0,48
698824,1,0,47
699984,4,0,145
700424,1,0,55
701600,2,0,147
702848,4,0,156
703232,0,0,48
703704,2,0,59
704232,1,0,66
705752,3,0,190
706208,1,0,57
707088,2,0,110
709136,5,0,256
709920,2,0,98
710312,1,0,49
710688,1,0,47
711936,3,0,156
713568,7,0,204
713968,2,0,50
714456,0,0,61
714840,2,0,48
717256,7,0,302
717680,2,0,53
718840,2,0,145
719712,2,0,109
720096,2,0,48
721272,3,0,147
722080,2,0,101
722456,2,0,47
724032,1,0,197
724432,1,0,50
724848,1,0,52
725232,1,0,48
728712,6,0,435
729280,1,0,71
730928,3,0,206
731320,1,0,49
732888,5,0,196
733360,2,0,59
733768,2,0,51
735040,3,0,159
735416,2,0,47
735808,1,0,49
736200,1,0,49
736672,0,0,59
737664,4,0,124
738120,0,0,57
738896,2,0,97
739320,1,0,53
739712,1,0,49
740992,3,0,160
742232,4,0,155
742616,1,0,48
742992,0,0,47
744152,4,0,145
744528,1,0,47
746576,4,0,256
747480,2,0,113
750392,6,0,364
751168,2,0,97
752584,3,0,177
752976,0,0,49
753800,2,0,103
754224,2,0,53
755088,2,0,108
755472,1,0,48
755856,2,0,48
758240,7,0,298
758808,1,0,71
760024,4,0,152
760792,2,0,96
761824,2,0,129
762624,3,0,100
763960,3,0,167
764352,1,0,49
764736,2,0,48
767056,6,0,290
770456,6,0,425
770840,1,0,48
771216,1,0,47
771600,1,0,48
771976,0,0,47
772352,1,0,47
772728,2,0,47
773520,2,0,99
774840,3,0,165
775704,2,0,108
776248,1,0,68
777776,5,0,191
778248,1,0,59
779432,3,0,148
779864,1,0,54
780280,1,0,52
780656,2,0,47
781040,2,0,48
781432,0,0,49
781848,1,0,52
783216,4,0,171
783592,2,0,47
784952,4,0,170
786112,4,0,145
786440,1,0,41
786824,0,0,48
787608,2,0,98
787992,1,0,48
790888,9,0,362
791272,2,0,48
791720,1,0,56
792496,2,0,97
793880,3,0,173
794264,1,0,48
794648,1,0,48
795200,1,0,69
795584,1,0,48
797744,9,0,270
799200,4,0,182
799784,1,0,73
801600,5,0,227
802008,0,0,51
803176,2,0,146
803560,1,0,48
804000,1,0,55
806160,5,0,270
807408,3,0,156
808208,2,0,100
809792,5,0,198
810168,1,0,47
811344,4,0,147
811768,1,0,53
812160,0,0,49
813416,2,0,157
815192,4,0,222
815584,1,0,49
817128,5,0,193
819208,6,0,260
819616,2,0,51
821128,3,0,189
821680,1,0,69
822168,1,0,61
824088,3,0,240
825280,3,0,149
826080,2,0,100
826576,1,0,62
827408,2,0,104
828584,3,0,147
829584,3,0,125
830440,3,0,107
830880,1,0,55
831664,2,0,98
833008,4,0,168
833416,2,0,51
834896,3,0,185
835360,0,0,58
836208,1,0,106
838368,2,0,270
839240,2,0,109
839680,1,0,55
840064,1,0,48
841240,3,0,147
841704,1,0,58
845056,7,0,419
845432,1,0,47
845864,1,0,54
847024,3,0,145
847408,1,0,48
848584,4,0,147
849792,4,0,151
851688,7,0,237
852368,2,0,85
852776,0,0,51
853192,1,0,52
853576,0,0,48
854400,1,0,103
855248,2,0,106
856080,3,0,104
857744,6,0,208
858592,3,0,106
859784,4,0,149
860168,1,0,48
860552,1,0,48
861008,1,0,57
865096,7,0,511
865480,1,0,48
865856,0,0,47
866256,1,0,50
867120,2,0,108
868848,6,0,216
869232,1,0,48
870120,2,0,111
873000,4,0,360
873488,1,0,61
873880,1,0,49
874272,1,0,49
874880,1,0,76
875800,3,0,115
877528,4,0,216
879256,5,0,216
881400,6,0,268
884776,5,0,422
885584,1,0,101
886840,5,0,157
888456,4,0,202
888904,1,0,56
890128,3,0,153
890512,1,0,48
891272,2,0,95
892488,3,0,152
895816,6,0,416
896976,3,0,145
897408,1,0,54
898704,5,0,162
899112,1,0,51
900808,3,0,212
901608,2,0,100
901992,1,0,48
902424,1,0,54
902792,1,0,46
904080,3,0,161
904576,1,0,62
906776,3,0,275
908040,3,0,158
908432,1,0,49
909248,2,0,102
909624,2,0,47
910128,1,0,63
911296,4,0,146
911880,1,0,73
912320,1,0,55
913520,3,0,150
914384,2,0,108
916000,4,0,202
918736,3,0,342
919128,0,0,49
920704,6,0,197
921152,1,0,56
923880,2,0,341
925032,4,0,144
926144,2,0,139
926904,4,0,95
927320,1,0,52
928464,4,0,143
929320,1,0,107
929880,0,0,70
930784,2,0,113
931560,2,0,97
931936,2,0,47
933336,2,0,175
934536,3,0,150
937048,4,0,314
937728,1,0,85
942320,8,0,574
942888,1,0,71
945040,6,0,269
945480,1,0,55
946240,3,0,95
948864,6,0,328
950064,4,0,150
950480,1,0,52
950888,1,0,51
951312,2,0,53
951688,2,0,47
952128,1,0,55
952520,1,0,49
952904,1,0,48
953296,1,0,49
954856,3,0,195
956152,4,0,162
957208,2,0,132
957608,2,0,50
957992,1,0,48
959120,3,0,141
959512,1,0,49
959968,1,0,57
960384,1,0,52
961584,1,0,150
962928,2,0,168
964160,3,0,154
964536,2,0,47
965776,4,0,155
966696,4,0,115
967088,1,0,49
967752,1,0,83
968848,5,0,137
969352,1,0,63
969728,2,0,47
971120,3,0,174
972416,3,0,162
972872,2,0,57
975280,5,0,301
975672,1,0,49
976696,1,0,128
977120,1,0,53
977528,1,0,51
978792,4,0,158
979936,1,0,143
981328,3,0,174
981784,0,0,57
982640,2,0,107
984272,3,0,204
984656,1,0,48
985808,2,0,144
987456,4,0,206
988232,3,0,97
988608,1,0,47
990136,3,0,191
993192,4,0,382
993608,1,0,52
995208,4,0,200
996968,3,0,220
997360,0,0,49
998200,1,0,105
999096,2,0,112
999808,2,0,89
1004648,4,0,605
1005216,1,0,71
1005760,1,0,68
1007152,4,0,174
1007520,2,0,46
1009848,2,0,291
1010696,2,0,106
1011136,1,0,55
1011560,1,0,53
1012032,2,0,59
1013528,4,0,187
1014392,2,0,108
1015160,2,0,96
1015608,1,0,56
1015816,2,0,26
1016264,0,0,56
1016640,2,0,47
1017040,2,0,50
1017864,3,0,103
1018664,2,0,100
1019600,2,0,117
1020264,0,0,83
1021808,4,0,193
1022600,2,0,99
1024016,2,0,177
1024512,2,0,62
1025016,1,0,63
1026680,2,0,208
1027248,1,0,71
1028288,2,0,130
1029864,5,0,197
1030320,1,0,57
1030832,1,0,64
1031280,1,0,56
1032248,4,0,121
1032640,0,0,49
1033048,1,0,51
1035912,4,0,358
1037144,2,0,154
1038552,3,0,176
1042752,5,0,525
1043144,1,0,49
1044776,5,0,204
1045152,2,0,47
1047592,6,0,305
1048928,4,0,167
1049552,1,0,78
1049960,1,0,51
1050464,2,0,63
1050848,1,0,48
1051224,0,0,47
1051984,2,0,95
1052368,1,0,48
1052856,1,0,61
1054808,5,0,244
1057672,4,0,358
1058152,1,0,60
1058760,1,0,76
1060024,3,0,158
1060984,1,0,120
1062280,4,0,162
1064712,3,0,304
1064968,1,0,32
1065480,0,0,64
1067520,4,0,255
1070008,4,0,311
1070392,1,0,48
1071904,5,0,189
1072344,1,0,55
1073504,3,0,145
1073984,1,0,60
1074744,2,0,95
1075176,1,0,54
1075960,2,0,98
1076408,1,0,56
1077624,4,0,152
1078504,1,0,110
1078928,0,0,53
1082176,4,0,406
1082624,1,0,56
1083088,1,0,58
1084256,3,0,146
1085800,2,0,193
1086192,1,0,49
1087352,2,0,145
1088584,3,0,154
1091952,8,0,421
1092496,1,0,68
1093480,2,0,123
1094072,2,0,74
1095240,4,0,146
1095784,1,0,68
1096504,1,0,90
1096896,1,0,49
1098144,3,0,156
1099440,4,0,162
1101456,3,0,252
1101832,1,0,47
1102232,1,0,50
1102704,0,0,59
1103976,4,0,159
1105136,4,0,145
1106304,4,0,146
1106736,1,0,54
1107240,1,0,63
1108480,0,0,155
1108896,1,0,52
1109288,1,0,49
1110872,4,0,198
1111648,3,0,97
1112568,2,0,115
1113704,3,0,142
1114536,2,0,104
1116184,5,0,206
1116576,1,0,49
1117432,1,0,107
1119320,5,0,236
1120688,2,0,171
1121072,1,0,48
1121632,0,0,70
1122056,1,0,53
1122448,1,0,49
1124704,6,0,282
1126256,3,0,194
1126800,1,0,68
1128424,3,0,203
1129328,1,0,113
1130960,3,0,204
1131728,2,0,96
1133320,4,0,199
1134552,1,0,154
1136184,5,0,204
1136984,2,0,100
1138128,3,0,143
1140120,2,0,249
1143248,2,0,391
1143616,2,0,46
1144704,2,0,136
1145208,1,0,63
1149936,6,0,591
1150328,1,0,49
1151416,2,0,136
1151832,1,0,52
1153560,3,0,216
1156160,2,0,325
1159728,6,0,446
1160696,4,0,121
1161280,1,0,73
1162480,5,0,150
1163128,1,0,81
1163584,0,0,57
1166120,4,0,317
1166496,0,0,47
1166888,1,0,49
1167328,1,0,55
1167952,1,0,78
1168496,1,0,68
1171976,4,0,435
1173520,2,0,193
1174288,3,0,96
1175752,4,0,183
1176184,1,0,54
1180512,4,0,541
1181720,4,0,151
1182224,1,0,63
1183688,4,0,183
1184520,1,0,104
1185704,3,0,148
1186864,2,0,145
1187408,2,0,68
1188216,2,0,101
1189024,1,0,101
1191544,1,0,315
1191928,1,0,48
1192312,1,0,48
1194488,6,0,272
1194864,2,0,47
1198360,4,0,437
1199200,2,0,105
1200608,4,0,176
1201408,2,0,100
1203056,5,0,206
1205304,4,0,281
1207280,2,0,247
1209120,1,0,230
1210888,1,0,221
1211264,2,0,47
1212912,4,0,206
1215400,4,0,311
1217448,2,0,256
1218328,1,0,110
1220088,3,0,220
1223000,3,0,364
1224864,4,0,233
1225744,2,0,110
1226592,1,0,106
1227096,1,0,63
1228504,3,0,176
1228808,1,0,38
1231136,4,0,291
1233192,3,0,257
1233664,1,0,59
1234832,4,0,146
1236632,4,0,225
1237464,2,0,104
1237912,0,0,56
1239472,0,0,195
1242952,8,0,435
1243896,2,0,118
1244320,1,0,53
1245192,2,0,109
1246312,3,0,140
1246688,2,0,47
1247104,1,0,52
1247928,1,0,103
1249160,3,0,154
1250640,2,0,185
1251072,1,0,54
1251616,1,0,68
1252056,1,0,55
1252480,1,0,53
1253272,2,0,99
1254600,3,0,166
1255048,1,0,56
1257152,6,0,263
1257664,0,0,64
1258448,2,0,98
1259208,2,0,95
1259592,1,0,48
1260120,2,0,66
1260848,1,0,91
1263648,4,0,350
1264368,1,0,90
1264744,2,0,47
1266016,2,0,159
1267632,4,0,202
1269064,3,0,179
1269840,0,0,97
1271136,3,0,162
1271576,1,0,55
1273600,3,0,253
1276064,5,0,308
1276912,2,0,106
1277384,1,0,59
1277960,2,0,72
1278736,2,0,97
1279128,1,0,49
1279680,1,0,69
1281216,3,0,192
1281608,1,0,49
1282000,1,0,49
1283200,3,0,150
1283696,1,0,62
1286288,3,0,324
1287496,2,0,151
1287920,1,0,53
1288352,2,0,54
1289536,3,0,148
1289928,1,0,49
1290440,1,0,64
1292064,5,0,203
1293952,4,0,236
1294424,1,0,59
1294864,1,0,55
1295744,1,0,110
1297584,3,0,230
1298080,1,0,62
1300000,2,0,240
1300776,3,0,97
1301192,1,0,52
1301744,1,0,69
1302584,2,0,105
1304176,5,0,199
1304552,1,0,47
1304976,1,0,53
1306824,2,0,231
1308448,1,0,203
1308832,0,0,48
1309640,2,0,101
1310432,2,0,99
1311504,4,0,134
1312344,2,0,105
1312728,1,0,48
1313528,1,0,100
1314864,3,0,167
1315728,2,0,108
1316936,1,0,151
1317416,1,0,60
1319312,2,0,237
1320928,5,0,202
1321696,2,0,96
1323088,1,0,174
1323856,3,0,96
1324568,2,0,89
1326216,5,0,206
1327112,2,0,112
1332160,2,0,631
1332552,1,0,49
1333704,3,0,144
1334080,1,0,47
1334904,2,0,103
1336200,4,0,162
1336584,1,0,48
1337360,2,0,97
1338288,3,0,116
1340312,4,0,253
1342200,3,0,236
1344736,5,0,317
1345128,1,0,49
1345912,2,0,98
1346768,2,0,107
1348840,4,0,259
1349616,2,0,97
1350000,1,0,48
1351448,0,0,181
1352664,4,0,152
1353376,1,0,89
1353768,1,0,49
1354160,1,0,49
1355928,0,0,221
1362560,4,0,829
1363784,2,0,153
1364160,1,0,47
1364640,1,0,60
1365480,3,0,105
1367880,5,0,300
1368288,1,0,51
1369880,3,0,199
1370424,1,0,68
1372248,4,0,228
1372696,1,0,56
1374320,1,0,203
1374752,1,0,54
1375648,1,0,112
1376032,1,0,48
1376936,1,0,113
1378200,3,0,158
1380232,1,0,254
1381760,3,0,191
1382568,3,0,101
1382952,1,0,48
1383344,1,0,49
1385920,2,0,322
1386752,2,0,104
1388752,3,0,250
1389904,3,0,144
1390376,1,0,59
1390944,1,0,71
1392648,2,0,213
1393568,2,0,115
1393968,1,0,50
1394800,2,0,104
1397608,6,0,351
1398792,2,0,148
1400504,6,0,214
1400960,1,0,57
1401344,1,0,48
1403488,4,0,268
1404984,2,0,187
1405496,1,0,64
1405904,1,0,51
1408248,4,0,293
1409120,1,0,109
1409552,1,0,54
1411288,3,0,217
1412096,2,0,101
1412512,1,0,52
1416248,4,0,467
1418536,2,0,286
1419232,2,0,87
1420016,1,0,98
1422448,2,0,304
1423264,2,0,102
1424104,1,0,105
1424528,1,0,53
1425296,2,0,96
1425968,0,0,84
1427112,3,0,143
1430016,3,0,363
1432904,8,0,361
1433280,2,0,47
1434432,2,0,144
1435592,2,0,145
1437784,7,0,274
1440264,4,0,310
1440648,1,0,48
1443712,6,0,383
1445344,2,0,204
1446248,1,0,113
1446664,1,0,52
1447056,1,0,49
1447920,1,0,108
1448328,1,0,51
1449096,2,0,96
1450936,4,0,230
1452184,3,0,156
1455584,4,0,425
1457584,4,0,250
1458800,4,0,152
1459560,2,0,95
1460744,4,0,148
1461136,1,0,49
1462632,3,0,187
1463824,1,0,149
1465280,3,0,182
1465696,1,0,52
1468784,5,0,386
1470040,3,0,157
1470864,3,0,103
1471288,1,0,53
1471680,1,0,49
1472888,4,0,151
1473504,1,0,77
1474104,1,0,75
1474984,2,0,110
1475576,1,0,74
1477552,1,0,247
1478712,4,0,145
1479472,2,0,95
1479872,1,0,50
1480256,1,0,48
1480712,1,0,57
1482808,4,0,262
1483272,1,0,58
1483656,1,0,48
1485672,3,0,252
1486416,1,0,93
1488000,2,0,198
1488432,1,0,54
1489792,3,0,170
1490304,1,0,64
1491528,4,0,153
1492352,2,0,103
1492800,0,0,56
1493312,1,0,64
1493744,1,0,54
1494960,1,0,152
1495344,1,0,48
1497024,4,0,210
1497856,2,0,104
1498352,1,0,62
1498760,1,0,51
1499144,2,0,48
1499584,1,0,55
1499976,2,0,49
1500360,1,0,48
1502376,2,0,252
1503192,2,0,102
1505192,5,0,250
1506432,4,0,155
1507352,2,0,115
1509064,2,0,214
1509448,1,0,48
1510640,2,0,149
1514016,3,0,422
1515264,1,0,156
1515656,1,0,49
1516464,2,0,101
1516856,1,0,49
1517992,3,0,142
1519536,3,0,193
1522456,2,0,365
1524184,6,0,216
1524992,2,0,101
1525496,1,0,63
1526624,4,0,141
1527064,1,0,55
1527944,2,0,110
1528448,1,0,63
1530192,1,0,218
1530576,1,0,48
1530952,1,0,47
1531464,2,0,64
1532704,3,0,155
1538568,8,0,733
1539432,2,0,108
1540896,3,0,183
1541280,2,0,48
1542512,3,0,154
1544208,4,0,212
1544616,1,0,51
1546256,3,0,205
1546688,1,0,54
1547528,1,0,105
1549168,3,0,205
1549560,1,0,49
1549936,1,0,47
1552112,3,0,272
1554688,2,0,322
1555072,1,0,48
1555464,1,0,49
1556728,2,0,158
1557168,1,0,55
1557552,1,0,48
1558880,3,0,166
1560024,3,0,143
1561208,2,0,148
1562032,2,0,103
1562800,3,0,96
1563648,4,0,106
1565720,4,0,259
1568504,4,0,348
1569664,3,0,145
1570592,0,0,116
1571112,1,0,65
1572256,4,0,143
1575496,4,0,405
1577528,3,0,254
1577984,1,0,57
1578384,1,0,50
1580048,3,0,208
1581016,2,0,121
1582616,4,0,200
1582984,1,0,46
1583368,1,0,48
1583776,1,0,51
1585368,2,0,199
1588736,3,0,421
1589136,1,0,50
1590744,4,0,201
1591600,3,0,107
1593216,3,0,202
1594792,3,0,197
1595184,1,0,49
1595568,2,0,48
1595952,1,0,48
1596344,1,0,49
1596728,1,0,48
1597632,2,0,113
1598768,3,0,142
1600312,4,0,193
1602328,1,0,252
1604624,2,0,287
1605432,2,0,101
1608152,3,0,340
1609696,4,0,193
1611216,4,0,190
1611656,1,0,55
1613456,4,0,225
1614304,0,0,106
1614688,1,0,48
1615720,4,0,129
1617704,3,0,248
1618112,1,0,51
1619456,2,0,168
1619840,1,0,48
1620984,3,0,143
1623760,3,0,347
1626760,6,0,375
1629744,4,0,373
1631112,3,0,171
1631872,1,0,95
1634592,4,0,340
1635360,2,0,96
1636136,1,0,97
1637752,2,0,202
1638184,2,0,54
1638408,2,0,28
1639576,2,0,146
1640104,2,0,66
1642280,4,0,272
1643328,2,0,131
1643720,1,0,49
1644168,1,0,56
1644560,1,0,49
1645416,2,0,107
1646784,4,0,171
1650112,4,0,416
1650912,1,0,100
1652208,4,0,162
1653400,1,0,149
1653792,1,0,49
1655400,1,0,201
1656208,1,0,101
1658248,1,0,255
1660688,2,0,305
1662960,5,0,284
1665080,6,0,265
1669016,3,0,492
1669400,1,0,48
1673216,2,0,477
1674536,1,0,165
1675296,2,0,95
1676472,1,0,147
1677672,2,0,150
1678120,1,0,56
1678504,1,0,48
1679312,2,0,101
1679736,1,0,53
1681712,2,0,247
1682664,4,0,119
1683864,3,0,150
1684328,1,0,58
1686056,2,0,216
1688536,3,0,310
1691080,1,0,318
1691480,1,0,50
1691864,1,0,48
1693056,3,0,149
1693504,1,0,56
1696328,2,0,353
1696712,2,0,48
1699120,2,0,301
1702328,4,0,401
1702712,2,0,48
1707760,2,0,631
1711008,4,0,406
1712520,2,0,189
1714560,4,0,255
1719064,7,0,563
1719512,1,0,56
1719976,1,0,58
1720328,1,0,44
1720792,1,0,58
1721576,2,0,98
1722416,3,0,105
1723648,2,0,154
1724880,2,0,154
1728784,7,0,488
1729168,1,0,48
1729536,1,0,46
1730000,1,0,58
1731632,2,0,204
1733056,3,0,178
1734568,2,0,189
1735096,1,0,66
1736032,4,0,117
1737088,2,0,132
1739784,3,0,337
1741656,2,0,234
1745720,3,0,508
1747616,6,0,237
1747992,2,0,47
1749952,4,0,245
1751560,5,0,201
1752456,3,0,112
1752872,1,0,52
1755512,3,0,330
1756712,2,0,150
1757472,2,0,95
1757856,1,0,48
1759104,3,0,156
1760256,3,0,144
1761040,3,0,98
1761824,1,0,98
1763848,3,0,253
1764616,2,0,96
1767264,4,0,331
1768456,2,0,149
1770080,5,0,203
1770512,1,0,54
1770920,0,0,51
1774328,7,0,426
1775888,3,0,195
1777472,2,0,198
1777864,1,0,49
1779016,3,0,144
1779400,1,0,48
1779776,2,0,47
1781760,5,0,248
1786344,4,0,573
1787480,1,0,142
1790328,3,0,356
1791152,1,0,103
1792784,6,0,204
1793992,3,0,151
1795984,3,0,249
1797216,4,0,154
1800008,2,0,349
1801192,2,0,148
1804928,3,0,467
1805320,1,0,49
1807928,3,0,326
1808360,1,0,54
1809160,2,0,100
1809560,1,0,50
1809976,1,0,52
1811144,2,0,146
1811984,2,0,105
1813120,3,0,142
1814296,2,0,147
1815184,2,0,111
1815560,2,0,47
1816360,2,0,100
1818416,2,0,257
1819744,1,0,166
1820136,1,0,49
1820544,1,0,51
1820984,1,0,55
1821376,1,0,49
1821768,1,0,49
1822936,3,0,146
1823704,2,0,96
1824480,1,0,97
1825648,4,0,146
1826424,3,0,97
1828832,3,0,301
1829688,2,0,107
1832056,2,0,296
1832432,1,0,47
1834456,3,0,253
1835720,3,0,158
1836984,3,0,158
1837376,1,0,49
1838144,1,0,96
1840064,3,0,240
1841584,3,0,190
1844944,4,0,420
1846688,4,0,218
1848352,2,0,208
1849152,0,0,100
1851664,3,0,314
1853752,6,0,261
1854184,1,0,54
1856392,2,0,276
1858984,4,0,324
1860184,2,0,150
1860568,1,0,48
1861712,2,0,143
1862504,2,0,99
1862888,1,0,48
1864424,4,0,192
1864808,1,0,48
1865984,2,0,147
1867784,4,0,225
1869320,3,0,192
1870104,2,0,98
1872192,3,0,261
1872624,1,0,54
1873000,1,0,47
1874576,2,0,197
1876352,2,0,222
1877528,2,0,147
1878672,3,0,143
1879056,1,0,48
1880280,3,0,153
1882600,3,0,290
1884168,2,0,196
1885920,3,0,219
1886296,1,0,47
1886680,1,0,48
1887056,0,0,47
1887448,1,0,49
1889976,4,0,316
1890800,1,0,103
1891592,3,0,99
1892048,1,0,57
1892432,2,0,48
1892816,1,0,48
1893192,1,0,47
1894096,3,0,113
1896456,3,0,295
1898488,6,0,254
1900552,1,0,258
1900960,1,0,51
1901768,2,0,101
1902952,3,0,148
1904560,4,0,201
1906520,2,0,245
1908336,2,0,227
1909096,2,0,95
1911464,5,0,296
1912640,3,0,147
1913848,2,0,151
1914232,1,0,48
1918208,6,0,497
1920848,4,0,330
1921264,1,0,52
1921656,0,0,49
1923704,2,0,256
1924104,0,0,50
1925552,3,0,181
1926688,2,0,142
1927064,1,0,47
1928208,2,0,143
1931384,2,0,397
1931816,2,0,54
1932616,3,0,100
1935056,5,0,305
1937928,3,0,359
1939176,2,0,156
1939560,1,0,48
1941264,4,0,213
1943208,6,0,243
1944120,1,0,114
1945304,3,0,148
1946472,3,0,146
1946856,0,0,48
1949256,4,0,300
1951392,2,0,267
1953256,2,0,233
1954424,4,0,146
1957088,6,0,333
1957520,2,0,54
1959560,2,0,255
1962024,1,0,308
1962432,1,0,51
1963616,3,0,148
1964760,3,0,143
1966048,2,0,161
1966168,1,0,15
1966552,2,0,48
1968624,2,0,259
1970616,4,0,249
1971056,0,0,55
1971440,0,0,48
1971872,1,0,54
1972248,1,0,47
1979000,3,0,844
1979400,1,0,50
1980744,1,0,168
1981928,3,0,148
1982912,2,0,123
1984088,3,0,147
1985296,3,0,151
1987216,2,0,240
1988088,3,0,109
1990120,4,0,254
1990576,1,0,57
1991568,1,0,124
1993144,1,0,197
1993912,2,0,96
1995432,5,0,190
1995816,1,0,48
1996632,2,0,102
1997048,0,0,52
1999376,2,0,291
2000568,2,0,149
2002344,3,0,222
2003184,1,0,105
2005656,6,0,309
2006088,1,0,54
2007096,2,0,126
2008512,3,0,177
2009736,2,0,153
2012592,4,0,357
2013760,3,0,146
2014144,1,0,48
2014912,2,0,96
2016368,3,0,182
2016792,0,0,53
2020320,4,0,441
2020904,1,0,73
2023008,4,0,263
2023408,0,0,50
2025328,2,0,240
2026112,2,0,98
2030688,7,0,572
2032072,2,0,173
2033264,2,0,149
2036640,6,0,422
2037888,4,0,156
2039224,1,0,167
2039608,1,0,48
2040776,3,0,146
2041968,3,0,149
2042432,1,0,58
2042880,0,0,56
2044048,2,0,146
2044480,0,0,54
2046528,4,0,256
2047760,3,0,154
2050488,4,0,341
2051704,3,0,152
2053328,2,0,203
2054136,2,0,101
2054552,1,0,52
2058840,9,0,536
2059600,2,0,95
2061176,2,0,197
2062024,2,0,106
2062472,1,0,56
2063120,1,0,81
2063744,1,0,78
2064856,3,0,139
2066952,4,0,262
2068920,5,0,246
2069704,1,0,98
2070088,1,0,48
2070472,2,0,48
2071312,2,0,105
2073328,5,0,252
2074488,3,0,145
2077296,2,0,351
2079200,4,0,238
2080280,1,0,135
2084312,6,0,504
2085088,2,0,97
2086192,2,0,138
2086568,0,0,47
2091816,4,0,656
2093464,3,0,206
2097368,2,0,488
2097824,1,0,57
2099440,3,0,202
2101096,4,0,207
2102240,2,0,143
2103032,2,0,99
2104176,2,0,143
2105584,2,0,176
2106032,1,0,56
2107176,3,0,143
2108312,3,0,142
2109928,3,0,202
2110344,1,0,52
2113544,3,0,400
2114680,3,0,142
2115856,1,0,147
2119704,6,0,481
2121848,5,0,268
2123008,2,0,145
2123408,1,0,50
2124264,1,0,107
2124728,1,0,58
2126640,6,0,239
2129912,2,0,409
2130320,1,0,51
2131472,4,0,144
2131888,1,0,52
2132272,1,0,48
2133416,3,0,143
2135504,4,0,261
2137448,3,0,243
2138624,3,0,147
2139024,0,0,50
2140232,2,0,151
2141448,1,0,152
2142600,2,0,144
2143376,2,0,97
2143760,1,0,48
2145312,2,0,194
2147136,4,0,228
2148216,2,0,135
2150672,5,0,307
2151536,0,0,108
2151920,2,0,48
2153232,3,0,164
2154400,3,0,146
2154800,1,0,50
2155568,2,0,96
2157616,2,0,256
2161192,5,0,447
2161624,1,0,54
2162696,3,0,134
2165936,3,0,405
2167504,5,0,196
2168280,2,0,97
2169920,5,0,205
2171944,5,0,253
2173456,3,0,189
2176368,2,0,364
2177944,4,0,197
2180264,3,0,290
2181976,1,0,214
2183224,3,0,156
2183608,1,0,48
2183992,1,0,48
2187400,6,0,426
2188160,2,0,95
2189296,4,0,142
2190544,3,0,156
2191736,3,0,149
2192120,1,0,48
2193848,1,0,216
2195936,4,0,261
2196728,2,0,99
2197112,1,0,48
2197496,0,0,48
2199968,2,0,309
2200856,3,0,111
2201240,0,0,48
2202008,2,0,96
2204592,3,0,323
2206168,3,0,197
2206552,1,0,48
2208160,3,0,201
2210976,3,0,352
2211920,4,0,118
2213064,1,0,143
2213496,1,0,54
2215392,4,0,237
2216248,2,0,107
2217136,2,0,111
2217904,2,0,96
2219104,2,0,150
2219488,0,0,48
2219872,0,0,48
2220632,2,0,95
2223176,6,0,318
2224800,3,0,203
2228336,4,0,442
2232408,4,0,509
2233264,1,0,107
2233648,1,0,48
2234032,1,0,48
2235176,1,0,143
2236368,2,0,149
2237152,1,0,98
2239968,4,0,352
2240568,1,0,75
2242480,3,0,239
2243288,2,0,101
2245904,5,0,327
2247064,3,0,145
2248216,2,0,144
2249464,1,0,156
2249984,1,0,65
2250824,1,0,105
2251992,2,0,146
2256528,3,0,567
2257672,3,0,143
2258912,4,0,155
2260104,0,0,149
2260488,1,0,48
2262552,2,0,258
2263320,2,0,96
2263752,1,0,54
2264512,1,0,95
2265728,4,0,152
2267432,3,0,213
2267816,1,0,48
2270216,7,0,300
2271824,3,0,201
2273864,4,0,255
2275016,4,0,144
2275448,1,0,54
2275864,1,0,52
2276296,0,0,54
2276680,1,0,48
2277760,3,0,135
2278600,0,0,105
2280616,5,0,252
2280992,1,0,47
2282184,3,0,149
2283736,5,0,194
2287160,4,0,428
2288024,2,0,108
2288408,1,0,48
2289168,2,0,95
2290712,3,0,193
2291888,1,0,147
2294520,6,0,329
2294952,1,0,54
2295352,1,0,50
2296128,3,0,97
2296896,2,0,96
2297984,4,0,136
2299216,5,0,154
2300352,3,0,142
2301944,2,0,199
2303664,4,0,215
2304824,3,0,145
2305592,1,0,96
2306824,3,0,154
2307576,2,0,94
2308728,2,0,144
2309520,2,0,99
2311656,2,0,267
2313632,3,0,247
2314768,2,0,142
2315648,2,0,110
2316056,1,0,51
2316920,2,0,108
2317304,1,0,48
2319240,2,0,242
2320392,3,0,144
2321192,2,0,100
2322336,3,0,143
2324856,5,0,315
2326952,2,0,262
2328432,3,0,185
2329256,2,0,103
2330824,5,0,196
2331584,2,0,95
2332072,0,0,61
2332480,1,0,51
2335616,4,0,392
2338808,3,0,399
2339232,1,0,53
2340824,2,0,199
2342440,3,0,202
2344080,3,0,205
2346928,3,0,356
2347344,1,0,52
2349016,4,0,209
2352896,4,0,485
2354920,1,0,253
2356544,4,0,203
2357400,2,0,107
2357776,2,0,47
2359008,4,0,154
2360624,3,0,202
2361840,4,0,152
2363672,3,0,229
2364848,3,0,147
2366360,3,0,189
2366744,1,0,48
2367528,1,0,98
2369944,4,0,302
2372456,5,0,314
2374840,3,0,298
2375744,3,0,113
2377656,4,0,239
2379568,5,0,239
2379952,1,0,48
2380384,0,0,54
2381544,3,0,145
2384440,3,0,362
2386848,2,0,301
2388832,3,0,248
2390480,0,0,206
2392464,4,0,248
2395016,5,0,319
2397816,5,0,350
2398248,1,0,54
2398704,1,0,57
2400648,3,0,243
2401816,3,0,146
2402784,1,0,121
2404672,4,0,236
2405504,2,0,104
2408128,4,0,328
2408456,1,0,41
2409640,1,0,148
2410464,2,0,103
2412728,5,0,283
2413128,1,0,50
2413512,1,0,48
2416352,3,0,355
2419048,5,0,337
2419904,3,0,107
2421176,3,0,159
2423240,4,0,258
2424872,1,0,204
2426488,2,0,202
2427632,3,0,143
2428048,0,0,52
2429264,2,0,152
2430480,2,0,152
2432400,5,0,240
2434832,3,0,304
2435968,3,0,142
2439248,7,0,410
2439672,1,0,53
2444616,6,0,618
2445352,1,0,92
2448176,3,0,353
2449328,3,0,144
2449744,1,0,52
2451032,3,0,161
2452000,2,0,121
2454016,3,0,252
2457632,4,0,452
2458912,2,0,160
2459344,1,0,54
2460512,3,0,146
2460912,1,0,50
2462064,3,0,144
2464456,0,0,299
2465712,4,0,157
2466952,3,0,155
2468120,3,0,146
2469352,3,0,154
2471680,1,0,291
2473832,4,0,269
2475536,3,0,213
2476696,2,0,145
2477840,3,0,143
2481280,3,0,430
2481664,0,0,48
2484112,4,0,306
2487352,3,0,405
2489640,3,0,286
2492944,5,0,413
2495016,2,0,259
2496224,1,0,151
2499744,2,0,440
2500640,1,0,112
2501784,2,0,143
2502968,2,0,148
2503392,1,0,53
2504656,4,0,158
2505488,2,0,104
2506864,3,0,172
2509336,5,0,309
2510584,1,0,156
2512208,3,0,203
2512592,1,0,48
2513816,2,0,153
2515040,4,0,153
2515888,3,0,106
2516672,2,0,98
2517568,2,0,112
2518712,3,0,143
2519848,3,0,142
2523200,3,0,419
2526144,2,0,368
2526624,1,0,60
2528648,5,0,253
2529520,2,0,109
2531936,3,0,302
2533344,4,0,176
2534520,3,0,147
2536544,4,0,253
2537712,3,0,146
2538840,5,0,141
2541256,6,0,302
2542400,2,0,143
2542784,0,0,48
2543936,3,0,144
2546720,3,0,348
2548384,2,0,208
2549352,1,0,121
2550112,2,0,95
2550744,1,0,79
2551888,2,0,143
2552280,1,0,49
2555856,6,0,447
2555984,1,0,16
2557264,3,0,160
2557648,0,0,48
2559688,3,0,255
2560528,1,0,105
2562536,2,0,251
2562920,1,0,48
2563304,1,0,48
2564480,3,0,147
2569912,3,0,679
2570672,2,0,95
2572152,3,0,185
2574064,3,0,239
2574448,1,0,48
2578912,5,0,558
2579296,0,0,48
2581168,2,0,234
2582424,1,0,157
2584072,3,0,206
2585240,3,0,146
2585664,1,0,53
2586048,1,0,48
2590768,1,0,590
2593648,2,0,360
2594792,2,0,143
2596720,4,0,241
2600128,1,0,426
2600512,1,0,48
2600944,2,0,54
2602128,3,0,148
2603536,3,0,176
2603920,1,0,48
2608176,4,0,532
2609432,3,0,157
2612064,4,0,329
2612448,1,0,48
2613632,3,0,148
2615272,3,0,205
2617688,4,0,302
2618072,1,0,48
2618880,3,0,101
2619272,1,0,49
2621392,3,0,265
2621520,1,0,16
2621896,1,0,47
2625280,4,0,423
2626120,2,0,105
2629840,2,0,465
2633032,5,0,399
2634416,3,0,173
2635184,2,0,96
2636016,2,0,104
2637304,3,0,161
2637688,0,0,48
2637832,1,0,18
2640304,3,0,309
2641128,2,0,103
2643240,1,0,264
2643712,1,0,59
2645136,2,0,178
2648384,3,0,406
2650592,6,0,276
2651368,2,0,97
2651752,1,0,48
2653440,4,0,211
2654672,3,0,154
2655440,2,0,96
2656960,3,0,190
2657712,2,0,94
2658888,2,0,147
2659272,1,0,48
2660112,2,0,105
2661248,3,0,142
2662048,2,0,100
2662840,2,0,99
2663216,0,0,47
2664088,1,0,109
2667800,2,0,464
2669056,4,0,157
2670224,2,0,146
2671056,3,0,104
2671448,1,0,49
2672600,3,0,144
2673048,1,0,56
2678872,4,0,728
2680496,3,0,203
2683728,4,0,404
2685296,2,0,196
2686488,3,0,149
2687736,4,0,156
2689952,4,0,277
2691584,2,0,204
2693104,2,0,190
2693872,3,0,96
2696344,3,0,309
2697512,3,0,146
2701664,7,0,519
2702048,1,0,48
2703296,4,0,156
2706464,2,0,396
2707696,2,0,154
2708120,1,0,53
2710136,3,0,252
2710896,2,0,95
2711664,2,0,96
2712984,3,0,165
2714280,3,0,162
2715488,0,0,151
2716232,1,0,93
2719272,6,0,380
2720136,3,0,108
2720520,1,0,48
2721344,2,0,103
2721872,1,0,66
2723464,4,0,199
2725064,3,0,200
2726288,2,0,153
2727048,2,0,95
2728240,3,0,149
2728624,2,0,48
2731224,4,0,325
2732368,3,0,143
2733288,1,0,115
2734440,3,0,144
2735616,3,0,147
2737272,4,0,207
2738032,2,0,95
2740896,6,0,358
2741656,1,0,95
2742080,1,0,53
2743264,2,0,148
2743672,1,0,51
2745736,3,0,258
2746120,1,0,48
2748184,1,0,258
2749344,2,0,145
2751264,4,0,240
2752928,2,0,208
2756272,4,0,418
2757056,2,0,98
2758248,3,0,149
2759096,2,0,106
2760232,3,0,142
2761056,1,0,103
2762000,2,0,118
2764320,1,0,290
2765184,1,0,108
2766344,2,0,145
2767920,4,0,197
2770968,4,0,381
2773072,5,0,263
2774720,3,0,206
2775528,2,0,101
2775912,1,0,48
2777080,1,0,146
2778712,4,0,204
2780408,1,0,212
2780880,1,0,59
2782024,2,0,143
2783256,1,0,154
2785688,3,0,304
2788064,4,0,297
2789880,4,0,227
2791496,4,0,202
2794896,6,0,425
2796928,4,0,254
2798472,4,0,193
2799656,2,0,148
2800824,1,0,146
2804936,5,0,514
2805352,1,0,52
2805920,0,0,71
2807520,4,0,200
2807952,1,0,54
2808792,1,0,105
2809968,2,0,147
2810416,1,0,56
2812552,4,0,267
2813312,1,0,95
2814448,3,0,142
2815600,3,0,144
2815992,0,0,49
2817248,4,0,157
2818056,2,0,101
2821304,4,0,406
2822936,1,0,204
2823384,1,0,56
2825464,4,0,260
2826624,3,0,145
2827032,1,0,51
2828552,5,0,190
2829000,1,0,56
2830224,3,0,153
2833000,1,0,347
2835448,5,0,306
2838320,3,0,359
2839456,2,0,142
2840256,1,0,100
2840640,1,0,48
2843488,1,0,356
2843944,1,0,57
2845480,3,0,192
2849584,2,0,513
2850824,2,0,155
2852376,3,0,194
2854120,3,0,218
2858200,2,0,510
2859352,3,0,144
2860992,4,0,205
2861376,1,0,48
2862600,2,0,153
2867896,5,0,662
2868280,0,0,48
2868704,1,0,53
2870328,4,0,203
2870728,1,0,50
2871600,2,0,109
2871992,1,0,49
2873272,2,0,160
2874080,2,0,101
2874520,1,0,55
2875280,2,0,95
2878248,4,0,371
2879896,5,0,206
2881792,1,0,237
2882944,2,0,144
2883368,1,0,53
2883592,1,0,28
2884720,2,0,141
2885992,2,0,159
2886800,2,0,101
2887280,1,0,60
2888600,2,0,165
2890232,2,0,204
2893048,2,0,352
2893440,0,0,49
2894768,3,0,166
2896368,3,0,200
2901600,7,0,654
2903616,1,0,252
2904376,2,0,95
2906416,4,0,255
2907224,2,0,101
2908088,2,0,108
2910016,5,0,241
2910416,0,0,50
2911560,3,0,143
2914456,2,0,362
2915240,2,0,98
2917224,3,0,248
2918120,0,0,112
2920224,4,0,263
2921056,1,0,104
2923720,5,0,333
2924856,3,0,142
2927696,4,0,355
2929336,0,0,205
2929720,2,0,48
2930864,3,0,143
2933104,4,0,280
2934368,3,0,158
2934784,0,0,52
2937144,3,0,295
2939600,2,0,307
2940008,1,0,51
2940392,0,0,48
2941656,3,0,158
2942440,0,0,98
2943664,3,0,153
2944584,2,0,115
2946680,3,0,262
2949064,1,0,298
2949648,2,0,73
2951664,3,0,252
2954880,3,0,402
2958400,4,0,440
2962376,1,0,497
2965560,1,0,398
2966760,3,0,150
2967896,3,0,142
2969504,5,0,201
2969920,1,0,52
2977984,2,0,1008
2978400,1,0,52
2978816,1,0,52
2979560,2,0,93
2979936,2,0,47
2980320,0,0,48
2981160,2,0,105
2985120,2,0,495
2985520,0,0,50
2987200,3,0,210
2988744,5,0,193
2989592,2,0,106
2991192,3,0,200
2991576,1,0,48
2992320,1,0,93
2993120,2,0,100
2994376,1,0,157
2998040,5,0,458
3000640,4,0,325
3001808,2,0,146
3002616,2,0,101
3003848,4,0,154
3004232,0,0,48
3006616,3,0,298
3009088,4,0,309
3009464,1,0,47
3012712,2,0,406
3014768,2,0,257
3016568,1,0,225
3018616,0,0,256
3021152,3,0,317
3022360,2,0,151
3023048,0,0,86
3023808,1,0,95
3024648,2,0,105
3025032,1,0,48
3025416,1,0,48
3027376,1,0,245
3027784,1,0,51
3028928,3,0,143
3029360,1,0,54
3031480,4,0,265
3032312,2,0,104
3033072,2,0,95
3033456,1,0,48
3034232,2,0,97
3036640,4,0,301
3040512,4,0,484
3042080,4,0,196
3044080,3,0,250
3047872,2,0,474
3048648,2,0,97
3051624,2,0,372
3052776,2,0,144
3056872,2,0,512
3058088,2,0,152
3059272,1,0,148
3060136,2,0,108
3064248,2,0,514
3067016,3,0,346
3067408,0,0,49
3068168,2,0,95
3070120,3,0,244
3071328,2,0,151
3072920,3,0,199
3076968,7,0,506
3077352,1,0,48
3078672,3,0,165
3083040,1,0,546
3084672,3,0,204
3085816,3,0,143
3087384,4,0,196
3087768,1,0,48
3089336,2,0,196
3089784,1,0,56
3090168,1,0,48
3092160,3,0,249
3092544,1,0,48
3094592,5,0,256
3097936,3,0,418
3099920,1,0,248
3101416,1,0,187
3102560,3,0,143
3103488,2,0,116
3103864,1,0,47
3104248,0,0,48
3107088,3,0,355
3107472,0,0,48
3108240,2,0,96
3109848,6,0,201
3111448,3,0,200
3112224,2,0,97
3113480,2,0,157
3114304,2,0,103
3114976,1,0,84
3115416,1,0,55
3116984,2,0,196
3118592,4,0,201
3118976,1,0,48
3121752,4,0,347
3122192,1,0,55
3124776,3,0,323
3126416,2,0,205
3126800,1,0,48
3127568,2,0,96
3129144,3,0,197
3129752,2,0,76
3132584,2,0,354
3132968,0,0,48
3135160,4,0,274
3135920,2,0,95
3136344,1,0,53
3137824,4,0,185
3139352,4,0,191
3140200,2,0,106
3141016,2,0,102
3142592,2,0,197
3143760,3,0,146
3146160,2,0,300
3147712,1,0,194
3148864,2,0,144
3151256,2,0,299
3153664,4,0,301
3154176,1,0,64
3154976,2,0,100
3157872,1,0,362
3158752,1,0,110
3159176,0,0,53
3160312,4,0,142
3161936,3,0,203
3165088,1,0,394
3166256,3,0,146
3166640,1,0,48
3167784,1,0,143
3168176,0,0,49
3170808,6,0,329
3172416,1,0,201
3172808,1,0,49
3174696,3,0,236
3175456,2,0,95
3175896,1,0,55
3177632,3,0,217
3178504,1,0,109
3181568,2,0,383
3182768,2,0,150
3183752,1,0,123
3188024,4,0,534
3189648,4,0,203
3191624,4,0,247
3193648,4,0,253
3194424,3,0,97
3195368,3,0,118
3197264,4,0,237
3198712,3,0,181
3199096,1,0,48
3200232,2,0,142
3201464,4,0,154
3202624,3,0,145
3203768,3,0,143
3206680,3,0,364
3208312,3,0,204
3208704,1,0,49
3209888,2,0,148
3212000,2,0,264
3216000,0,0,500
3216384,1,0,48
3218296,4,0,239
3219080,2,0,98
3219840,2,0,95
3224856,2,0,627
3225240,1,0,48
3226064,2,0,103
3226904,3,0,105
3227288,1,0,48
3228456,1,0,146
3228888,0,0,54
3231064,1,0,272
3235904,2,0,605
3237416,2,0,189
3238280,1,0,108
3240720,3,0,305
3242360,5,0,205
3244736,3,0,297
3246736,3,0,250
3247896,3,0,145
3250696,3,0,350
3251920,3,0,153
3253168,1,0,156
3254480,3,0,164
3254864,2,0,48
3255296,1,0,54
3259152,1,0,482
3259600,0,0,56
3260456,3,0,107
3260840,1,0,48
3262496,2,0,207
3262888,1,0,49
3263664,2,0,97
3267824,3,0,520
3268216,1,0,49
3269736,3,0,190
3270904,1,0,146
3272944,3,0,255
3275496,3,0,319
3276280,2,0,98
3277496,3,0,152
3279040,2,0,193
3281160,5,0,265
3282752,3,0,199
3286248,2,0,437
3288224,2,0,247
3289832,2,0,201
3294584,1,0,594
3295048,1,0,58
3296704,2,0,207
3297904,1,0,150
3298664,2,0,95
3299800,3,0,142
3300960,2,0,145
3301736,1,0,97
3304816,2,0,385
3305584,2,0,96
3305984,1,0,50
3306360,0,0,47
3306744,1,0,48
3307144,1,0,50
3309656,2,0,314
3310040,1,0,48
3311624,2,0,198
3312008,1,0,48
3315760,1,0,469
3317816,2,0,257
3319416,2,0,200
3320928,4,0,189
3321688,2,0,95
3325792,4,1,513
3326768,3,0,122
3330848,8,0,510
3331232,1,0,48
3331616,0,0,48
3333904,2,0,286
3334328,0,0,53
3340192,5,0,733
3340624,0,0,54
3342032,4,0,176
3343560,2,0,191
3344320,2,0,95
3344784,1,0,58
3345952,1,0,146
3346344,0,0,49
3347488,3,0,143
3352760,3,0,659
3356888,2,0,516
3357304,1,0,52
3358168,2,0,108
3360344,3,0,272
3361584,2,0,155
3362728,3,0,143
3363488,2,0,95
3364256,2,0,96
3365504,2,0,156
3367488,1,0,248
3368632,2,0,143
3371512,3,0,360
3372328,2,0,102
3373072,2,0,93
3373456,1,0,48
3373880,1,0,53
3375904,3,0,253
3377520,2,0,202
3378280,1,0,95
3379912,4,0,204
3380776,1,0,108
3382824,3,0,256
3384904,3,0,260
3386784,5,0,235
3389656,2,0,359
3391168,4,0,189
3391888,2,0,90
3393848,2,0,245
3395888,4,0,255
3399624,3,0,467
3400864,2,0,155
3402952,2,0,261
3403352,1,0,50
3405880,3,0,316
3406256,1,0,47
3407120,2,0,108
3407880,1,0,95
3408704,1,0,103
3409136,0,0,54
3410800,4,0,208
3413200,2,0,300
3414096,2,0,112
3414536,1,0,55
3415296,2,0,95
3418408,2,0,389
3421672,5,0,408
3422512,1,0,105
3424296,2,0,223
3426784,2,0,311
3427976,2,0,149
3430208,3,0,279
3431360,3,0,144
3432496,3,0,142
3432880,0,0,48
3434488,2,0,201
3437696,3,0,401
3439728,4,0,254
3442344,2,0,327
3443520,3,0,147
3445200,3,0,210
3448776,2,0,447
3451448,4,0,334
3453544,6,0,262
3456296,3,0,344
3458296,3,0,250
3458680,2,0,48
3461600,5,0,365
3463176,2,0,197
3463560,1,0,48
3465216,5,0,207
3467112,4,0,237
3470312,4,0,400
3471072,2,0,95
3471832,2,0,95
3473472,1,0,205
3475888,1,0,302
3478328,3,0,305
3479944,5,0,202
3481944,2,0,250
3483152,3,0,151
3484296,3,0,143
3486184,1,0,236
3486608,1,0,53
3489008,8,0,300
3490152,3,0,143
3490584,2,0,54
3491832,3,0,156
3495688,4,0,482
3496864,3,0,147
3498984,0,0,265
3503096,3,0,514
3503472,1,0,47
3505528,5,0,257
3506984,4,0,182
3508800,5,0,227
3510408,3,0,201
3513328,2,0,365
3515216,3,0,236
3516360,2,0,143
3518368,3,0,251
3520368,5,0,250
3522824,4,0,307
3525256,4,0,304
3526488,3,0,154
3528632,3,0,268
3529784,3,0,144
3531032,1,0,156
3532600,2,0,196
3534688,2,0,261
3535512,1,0,103
3536344,2,0,104
3538352,3,0,251
3541432,3,0,385
3541896,1,0,58
3542296,1,0,50
3542720,1,0,53
3543104,1,0,48
3544760,1,0,207
3547224,2,0,308
3547632,1,0,51
3548440,1,0,101
3549200,2,0,95
3549968,2,0,96
3551600,2,0,204
3552360,2,0,95
3552744,1,0,48
3554448,2,0,213
3555208,2,0,95
3555416,1,0,26
3556640,2,0,153
3557464,2,0,103
3561040,4,0,447
3561808,2,0,96
3562968,3,0,145
3563360,1,0,49
3564496,2,0,142
3566216,3,0,215
3566600,0,0,48
3567368,2,0,96
3568592,4,0,153
3571720,4,0,391
3572168,0,0,56
3573560,1,0,174
3574416,2,0,107
3575592,2,0,147
3577688,3,0,262
3579280,3,0,199
3579664,1,0,48
3580048,1,0,48
3582272,1,0,278
3583088,3,0,102
3583472,1,0,48
3586720,4,0,406
3587488,2,0,96
3589784,5,0,287
3591416,1,0,204
3592552,3,0,142
3592936,1,0,48
3593320,1,0,48
3594848,5,0,191
3596040,2,0,149
3596808,2,0,96
3598840,4,0,254
3599600,2,0,95
3602720,4,0,390
3603480,2,0,95
3606224,2,0,343
3606608,1,0,48
3608496,3,0,236
3609640,3,0,143
3610872,3,0,154
3612032,1,0,145
3613648,2,0,202
3615272,2,0,203
3616056,1,0,98
3617688,3,0,204
3618904,2,0,152
3620456,1,0,194
3620872,1,0,52
3621640,2,0,96
3623744,2,0,263
3624576,1,0,104
3626624,2,0,256
3628288,3,0,208
3630256,3,0,246
3631800,3,0,193
3632944,2,0,143
3633328,1,0,48
3634088,2,0,95
3634968,1,0,110
3636104,2,0,142
3638696,2,0,324
3639944,3,0,156
3641960,4,0,252
3643184,4,0,153
3643568,1,0,48
3643952,1,0,48
3646000,4,0,256
3648424,1,0,303
3649560,3,0,142
3650360,1,0,100
3650744,1,0,48
3651136,1,0,49
3653144,4,0,251
3654928,3,0,223
3657432,3,0,313
3659080,3,0,206
3662592,3,0,439
3663872,2,0,160
3665440,4,0,196
3667496,2,0,257
3667880,1,0,48
3669464,2,0,198
3671952,3,0,311
3673944,4,0,249
3675168,2,0,153
3676344,3,0,147
3677592,3,0,156
3678752,3,0,145
3680816,3,0,258
3682384,3,0,196
3682800,0,0,52
3683208,1,0,51
3684744,3,0,192
3687776,4,0,379
3690176,3,0,300
3691120,2,0,118
3692784,4,0,208
3693960,2,0,147
3694736,1,0,97
3695120,1,0,48
3698280,2,0,395
3699480,3,0,150
3700616,3,0,142
3702992,3,0,297
3704168,3,0,147
3705008,1,0,105
3707496,3,0,311
3709128,4,0,204
3711040,5,0,239
3712928,4,0,236
3715088,2,0,270
3716256,2,0,146
3717424,3,0,146
3720400,4,0,372
3721568,2,0,146
3722760,1,0,149
3723144,0,0,48
3725064,2,0,240
3726632,3,0,196
3729640,5,0,376
3730408,2,0,96
3730816,0,0,51
3732456,2,0,205
3734528,3,0,259
3736472,3,0,243
3737296,3,0,103
3737688,1,0,49
3739688,3,0,250
3741624,5,0,242
3745056,2,0,429
3745824,3,0,96
3747464,2,0,205
3750656,4,0,399
3753224,3,0,321
3754864,2,0,205
3757720,3,0,357
3758144,0,0,53
3759008,1,0,108
3760664,5,0,207
3761056,0,0,49
3761904,2,0,106
3763152,2,0,156
3765480,5,0,291
3766232,2,0,94
3767024,2,0,99
3767824,1,0,100
3769472,3,0,206
3771392,2,0,240
3772936,3,0,193
3773768,2,0,104
3774160,0,0,49
3775848,3,0,211
3776616,1,0,96
3777376,2,0,95
3778904,5,0,191
3779288,1,0,48
3779680,1,0,49
3781856,3,0,272
3783752,2,0,237
3785728,3,0,247
3786872,2,0,143
3788752,4,0,235
3789640,2,0,111
3792104,3,0,308
3793264,2,0,145
3794432,3,0,146
3797176,5,0,343
3797592,1,0,52
3798432,2,0,105
3799200,2,0,96
3800864,3,0,208
3802616,4,0,219
3805464,3,0,356
3807472,3,0,251
3808616,2,0,143
3810696,2,0,260
3811456,2,0,95
3816872,3,0,677
3817256,1,0,48
3819960,2,0,338
3821984,6,0,253
3822896,1,0,114
3823296,1,0,50
3826944,4,0,456
3830088,3,0,393
3830464,0,0,47
3831312,3,0,106
3832920,2,0,201
3833304,1,0,48
3833760,1,0,57
3834656,3,0,112
3836704,4,0,256
3839816,3,0,389
3841280,2,0,183
3842040,2,0,95
3843856,1,0,227
3847464,4,0,451
3849504,5,0,255
3852288,6,0,348
3855104,4,0,352
3855544,1,0,55
3857168,4,0,203
3858328,3,0,145
3861240,4,0,364
3863264,5,0,253
3864400,2,0,142
3866400,1,0,250
3866632,1,0,29
3867872,3,0,155
3869480,4,0,201
3869904,1,0,53
3870288,0,0,48
3873712,1,0,428
3875632,3,0,240
3877528,4,0,237
3878408,2,0,110
3879544,3,0,142
3881960,4,0,302
3882720,1,0,95
3883952,3,0,154
3884712,2,0,95
3887488,4,0,347
3888296,1,0,101
3890360,2,0,258
3895536,5,1,647
3895920,2,0,48
3897512,3,0,199
3898776,3,0,158
3900000,3,0,153
3901512,3,0,189
3903184,4,0,209
3904352,2,0,146
3905504,3,0,144
3906368,2,0,108
3910056,5,0,461
3910440,1,0,48
3913192,3,0,344
3915200,5,0,251
3916920,3,0,215
3918904,3,0,248
3920072,2,0,146
3920832,2,0,95
3922576,4,0,218
3924120,3,0,193
3924952,3,0,104
3929192,5,0,530
3929952,2,0,95
3932000,2,0,256
3932440,1,0,55
3933200,1,0,95
3937064,2,0,483
3938208,4,0,143
3939352,3,0,143
3940128,2,0,97
3940512,1,0,48
3942512,5,0,250
3945848,4,0,417
3947120,3,0,159
3950192,1,0,384
3951328,3,0,142
3952848,3,0,190
3953992,2,0,143
3956912,2,0,365
3957360,0,0,56
3958120,2,0,95
3961080,2,0,370
3962976,3,0,237
3963800,2,0,103
3965432,3,0,204
3966568,2,0,142
3966976,1,0,51
3968864,4,0,236
3970528,2,0,208
3970976,1,0,56
3972112,2,0,142
3972544,1,0,54
3974192,3,0,206
3974984,2,0,99
3979584,1,0,575
3983848,4,0,533
3984616,2,0,96
3985032,1,0,52
3986240,3,0,151
3988240,3,0,250
3988624,0,0,48
3989384,2,0,95
3990528,3,0,143
3991664,2,0,142
3992800,2,0,142
3993632,5,0,104
3996040,1,0,301
3998592,4,0,319
3998984,1,0,49
4000120,2,0,142
4003384,3,0,408
4004520,2,0,142
4007736,5,0,402
4008880,3,0,143
4009264,1,0,48
4010528,4,0,158
4012968,4,0,305
4015728,3,0,345
4016920,1,0,149
4020104,4,0,398
4021280,1,0,147
4021712,1,0,54
4023656,3,0,243
4024416,2,0,95
4025928,1,0,189
4028968,5,0,380
4030928,4,0,245
4032064,2,0,142
4034528,2,0,308
4036568,3,0,255
4037432,2,0,108
4037816,1,0,48
4040624,3,0,351
4041800,3,0,147
4042184,1,0,48
4043408,2,0,153
4044256,2,0,106
4046664,5,0,301
4048528,2,0,233
4050904,1,0,297
4052072,1,0,146
4053736,3,0,208
4054880,1,0,143
4055256,2,0,47
4057624,4,0,296
4059152,5,0,191
4059992,1,0,105
4061520,5,0,191
4062280,2,0,95
4063240,3,0,120
4063632,1,0,49
4064784,3,0,144
4065544,2,0,95
4066712,3,0,146
4070088,2,0,422
4072040,3,0,244
4074152,3,0,264
4075328,3,0,147
4077536,4,0,276
4080008,1,0,309
4083000,3,0,374
4083760,1,0,95
4085424,3,0,208
4087456,2,0,254
4089400,5,0,243
4091408,4,0,251
4092544,2,0,142
4092928,1,0,48
4093696,1,0,96
4096336,5,0,330
4099576,4,0,405
4100808,2,0,154
4102792,4,0,248
4103552,2,0,95
4105936,0,0,298
4108104,4,0,271
4109712,1,0,201
4110560,1,0,106
4112160,2,0,200
4112768,1,0,76
4116088,2,0,415
4117224,3,0,142
4120504,0,0,410
4122344,0,0,230
4124600,4,0,282
4125392,2,0,99
4126536,2,0,143
4128560,1,0,253
4132176,6,0,452
4132560,1,0,48
4133400,1,0,105
4135816,5,0,302
4136992,2,0,147
4139888,4,0,362
4141024,2,0,142
4143096,3,0,259
4144232,2,0,142
4148664,2,0,554
4149920,3,0,157
4153672,3,0,469
4154056,1,0,48
4154816,2,0,95
4155200,2,0,48
4158640,3,0,430
4159032,1,0,49
4161168,3,0,267
4161544,1,0,47
4163424,4,0,235
4165520,4,0,262
4167792,2,0,284
4170272,6,0,310
4172408,3,0,267
4176368,4,0,495
4179536,2,0,396
4181824,4,0,286
4183472,4,0,206
4186416,2,0,368
4188416,3,0,250
4194272,3,0,732
4197032,3,0,345
4199944,7,0,364
4201456,6,0,189
4204312,3,0,357
4205448,2,0,142
4206584,3,0,142
4208120,3,0,192
4210016,2,0,237
4210480,1,0,58
4212824,1,0,293
4213976,3,0,144
4215128,3,0,144
4215968,2,0,105
4216360,1,0,49
4217600,4,0,155
4220856,2,0,407
4222896,2,0,255
4223304,1,0,51
4225200,4,0,237
4225776,1,0,72
4227664,2,0,236
4228424,2,0,95
4229184,2,0,95
4232472,2,0,411
4233720,4,0,156
4236168,1,0,306
4237304,2,0,142
4239312,2,0,251
4239736,1,0,53
4241776,5,0,255
4242992,1,0,152
4244720,1,0,216
4246744,3,0,253
4247880,3,0,142
4249576,2,0,212
4250704,2,0,141
4253680,4,0,372
4254832,2,0,144
4255592,2,0,95
4256728,1,0,142
4258304,3,0,197
4260784,2,0,310
4265368,4,0,573
4265776,1,0,51
4267312,3,0,192
4269488,4,0,272
4272320,7,0,354
4275248,2,0,366
4277520,3,0,284
4278656,2,0,142
4280488,2,0,229
4282440,3,0,244
4283576,2,0,142
4286064,4,0,311
4287672,3,0,201
4290104,3,0,304
4291032,2,0,116
4291872,1,0,105
4293144,3,0,159
4294680,3,0,192
4295440,2,0,95
4297640,4,0,275
4298816,3,0,147
4301688,4,0,359
4304856,5,0,396
4306936,2,0,260
4308464,3,0,191
4309336,2,0,109
4312504,5,0,396
4314928,4,0,303
4316848,2,0,240
4318424,4,0,197
4322408,7,0,498
4326384,4,0,497
4327528,2,0,143
4327992,1,0,58
4331840,5,0,481
4334968,2,0,391
4336104,2,0,142
4337728,3,0,203
4338560,1,0,104
4339320,2,0,95
4343344,4,0,503
4345360,4,0,252
4346496,2,0,142
4348576,4,0,260
4350208,4,0,204
4350624,1,0,52
4351528,2,0,113
4352656,3,0,141
4353040,0,0,48
4353800,2,0,95
4356688,2,0,361
4357824,2,0,142
4360448,2,0,328
4363832,3,0,423
4365600,1,0,221
4367256,3,0,207
4370544,2,0,411
4371680,2,0,142
4373296,3,0,202
4374984,2,0,211
4376120,2,0,142
4378432,4,0,289
4379656,2,0,153
4380072,0,0,52
4381208,3,0,142
4382000,2,0,99
4384840,7,0,355
4386488,3,0,206
4388384,4,0,237
4388768,1,0,48
4390024,3,0,157
4390808,2,0,98
4391304,2,0,62
4392448,2,0,143
4396144,4,0,462
4397832,1,0,211
4400704,5,0,359
4401936,3,0,154
4406000,3,0,508
4407696,2,0,212
4408456,1,0,95
4410360,3,0,238
4411536,2,0,147
4412672,3,0,142
4413816,1,0,143
4414960,3,0,143
4417400,3,0,305
4421208,3,0,476
4423656,1,0,306
4425608,3,0,244
4425992,0,0,48
4428056,1,0,258
4429224,3,0,146
4430856,4,0,204
4433696,4,0,355
4434464,2,0,96
4434928,1,0,58
4439624,3,0,587
4440832,3,0,151
4442352,4,0,190
4444768,3,0,302
4447192,6,0,303
4455288,2,0,1012
4456424,3,0,142
4458352,1,0,241
4461240,4,0,361
4462000,2,0,95
4463144,1,0,143
4464824,3,0,210
4466384,5,0,195
4467136,2,0,94
4468800,3,0,208
4470376,5,0,197
4475312,3,0,617
4476936,3,0,203
4481456,1,0,565
4484280,4,0,353
4485896,4,0,202
4487816,4,0,240
4488232,1,0,52
4491304,6,0,384
4494120,5,0,352
4496728,3,0,326
4497112,1,0,48
4498248,2,0,142
4499840,2,0,199
4502712,2,0,359
4506472,4,0,470
4507648,1,0,147
4509856,3,0,276
4512224,2,0,296
4512608,2,0,48
4513856,2,0,156
4515000,3,0,143
4517480,3,0,310
4518688,3,0,151
4519088,1,0,50
4521760,2,0,334
4524680,4,0,365
4527464,3,0,348
4530104,2,0,330
4533752,2,0,456
4536552,4,0,350
4538064,4,0,189
4538768,2,0,88
4541368,4,0,325
4542216,2,0,106
4545072,4,0,357
4546976,4,0,238
4547360,1,0,48
4549312,4,0,244
4551808,2,0,312
4554168,3,0,295
4554592,1,0,53
4557848,0,0,407
4559496,2,0,206
4561384,3,0,236
4562232,2,0,106
4565040,3,0,351
4566944,4,0,238
4571096,2,0,519
4573336,4,0,280
4574608,3,0,159
4577072,5,0,308
4578600,4,0,191
4581064,3,0,308
4583488,2,0,303
4586392,1,0,363
4587152,2,0,95
4588280,1,0,141
4589144,1,0,108
4593496,4,0,544
4593928,2,0,54
4597288,6,0,420
4598416,3,0,141
4599552,3,0,142
4600728,2,0,147
4602664,2,0,242
4604280,3,0,202
4606256,4,0,247
4607400,4,0,143
4609848,5,0,306
4612928,4,0,385
4614488,3,0,195
4615744,3,0,157
4616936,3,0,149
4619800,4,0,358
4621104,4,0,163
4622288,3,0,148
4624936,3,0,331
4627208,1,0,284
4631392,3,0,523
4633984,3,0,324
4635480,4,0,187
4637136,4,0,207
4638280,1,0,143
4639104,2,0,103
4640240,3,0,142
4641608,1,0,171
4641992,0,0,48
4643208,3,0,152
4645296,2,0,261
4648176,2,0,360
4650544,6,0,296
4650928,1,0,48
4652104,3,0,147
4653912,2,0,226
4655560,2,0,206
4657104,5,0,193
4659232,1,0,266
4661640,2,0,301
4662400,2,0,95
4663632,3,0,154
4665280,5,0,206
4668096,4,0,352
4669704,5,0,201
4672704,2,0,375
4675992,6,0,411
4677168,4,0,147
4678304,3,0,142
4679952,3,0,206
4682600,4,0,331
4684112,3,0,189
4689704,2,0,699
4692128,4,0,303
4693072,3,0,118
4693456,2,0,48
4695968,5,0,314
4696352,1,0,48
4697568,3,0,152
4699080,4,0,189
4701088,5,0,251
4703160,3,0,259
4705240,3,0,260
4707944,2,0,338
4709632,5,0,211
4710000,1,0,46
4710760,3,0,95
4715568,6,0,601
4717600,4,0,254
4718600,1,0,125
4718984,0,0,48
4719848,1,0,108
4722232,2,0,298
4722632,1,0,50
4724632,3,0,250
4726680,1,0,256
4730016,4,0,417
4730448,2,0,54
4734064,6,0,452
4736440,2,0,297
4737200,2,0,95
4739672,2,0,309
4740816,2,0,143
4745272,1,0,557
4746408,2,0,142
4748408,3,0,250
4750472,1,0,258
4751752,3,0,160
4752224,1,0,59
4757328,3,0,638
4758088,2,0,95
4758472,1,0,48
4760488,3,0,252
4761632,2,0,143
4762792,2,0,145
4764808,3,0,252
4766488,2,0,210
4766920,1,0,54
4767792,1,0,109
4769040,1,0,156
4771880,2,0,355
4775960,3,0,510
4777864,5,0,238
4779504,3,0,205
4781128,1,0,203
4783544,2,0,302
4787224,3,0,460
4789656,2,0,304
4792152,3,0,312
4794552,3,0,300
4795952,3,0,175
4800288,5,0,542
4801776,2,0,186
4805840,1,0,508
4807872,4,0,254
4809472,2,0,200
4810712,3,0,155
4814384,2,0,459
4816400,1,0,252
4818528,4,0,266
4818912,1,0,48
4819296,1,0,48
4820040,2,0,93
4822088,2,0,256
4823744,4,0,207
4825248,3,0,188
4826576,5,0,166
4830808,1,0,529
4831192,1,0,48
4832328,3,0,142
4834536,4,0,276
4840472,2,0,742
4841696,3,0,153
4844504,3,0,351
4850568,3,0,758
4853448,6,0,360
4854640,3,0,149
4857016,2,0,297
4858240,2,0,153
4860776,1,0,317
4862368,3,0,199
4863520,2,0,144
4865600,3,0,260
4870208,2,0,576
4873920,2,0,464
4876000,2,0,260
4878784,5,0,348
4881432,4,0,331
4883472,3,0,255
4885704,2,0,279
4887328,3,0,203
4888568,3,0,155
4890592,2,0,253
4892976,1,0,298
4897904,6,0,616
4899984,4,0,260
4901504,4,0,190
4902640,2,0,142
4904536,6,0,237
4906312,4,0,222
4908768,5,0,307
4909904,3,0,142
4911984,5,0,260
4913560,2,0,197
4914776,2,0,152
4915600,2,0,103
4917672,3,0,259
4919712,4,0,255
4921256,3,0,193
4923248,3,0,249
4925840,4,0,324
4928400,1,0,320
4929160,2,0,95
4929544,1,0,48
4929928,1,0,48
4931440,4,0,189
4933928,2,0,311
4934752,3,0,103
4939144,4,0,549
4939528,1,0,48
4939920,1,0,49
4940304,2,0,48
4942360,4,0,257
4942792,1,0,54
4946512,2,0,465
4946896,2,0,48
4947976,3,0,135
4948360,1,0,48
4948744,2,0,48
4951960,3,0,402
4952344,2,0,48
4954368,5,0,253
4955504,2,0,142
4957072,4,0,196
4959496,4,0,303
4960624,3,0,141
4963488,3,0,358
4965112,3,0,203
4968704,5,0,449
4972832,4,0,516
4976016,4,0,398
4978008,4,0,249
4979864,3,0,232
4980744,3,0,110
4982336,3,0,199
4983472,2,0,142
4988368,4,0,612
4989648,1,0,160
4990800,3,0,144
4993704,5,0,363
4994840,2,0,142
4996008,2,0,146
4999856,5,0,481
5000696,3,0,105
5001080,0,0,48
5006376,4,0,662
5008776,2,0,300
5010832,4,0,257
5011968,3,0,142
5013192,7,0,153
5016120,5,0,366
5019376,8,0,407
5022232,6,0,357
5025096,4,0,358
5025480,1,0,48
5028512,6,0,379
5032960,2,0,556
5033768,2,0,101
5036160,2,0,299
5039080,2,0,365
5041168,3,0,261
5041936,0,0,96
5045200,2,0,408
5047032,5,0,229
5050680,5,0,456
5053504,4,0,353
5059864,4,0,795
5062816,3,0,369
5066864,3,0,506
5068480,2,0,202
5069232,2,0,94
5071784,3,0,319
5074992,5,0,401
5077832,3,0,355
5079032,3,0,150
5081104,2,0,259
5083168,1,0,258
5083552,1,0,48
5085656,4,0,263
5086040,1,0,48
5088984,1,0,368
5093008,5,0,503
5094656,2,0,206
5095048,1,0,49
5098360,7,0,414
5100296,1,0,242
5102784,8,0,311
5105416,5,0,329
5105800,0,0,48
5109000,2,0,400
5109384,2,0,48
5112624,2,0,405
5115920,2,0,412
5118128,6,0,276
5120664,4,0,317
5122672,1,0,251
5123808,3,0,142
5125144,3,0,167
5126720,1,0,197
5128112,2,0,174
5129504,3,0,174
5130736,3,0,154
5131208,1,0,59
5134824,3,0,452
5135584,2,0,95
5137584,3,0,250
5140792,3,0,401
5145016,4,0,528
5147000,4,0,248
5148232,4,0,154
5148616,1,0,48
5151432,5,0,352
5151816,1,0,48
5154312,5,0,312
5154696,2,0,48
5157536,6,0,355
5160504,3,0,371
5161392,3,0,111
5162528,2,0,142
5164584,2,0,257
5166712,4,0,266
5168272,4,0,195
5170768,2,0,312
5173184,4,0,302
5173568,2,0,48
5174328,2,0,95
5175536,2,0,151
5176752,1,0,152
5179256,3,0,313
5179640,2,0,48
5180024,1,0,48
5183496,4,0,434
5186856,4,0,420
5189728,4,0,359
5190864,2,0,142
5194248,3,0,423
5194632,1,0,48
5196312,1,0,210
5196696,0,0,48
5200592,3,0,487
5203536,4,0,368
5204784,3,0,156
5207264,4,0,310
5208400,3,0,142
5210160,4,0,220
5210928,2,0,96
5211312,1,0,48
5213416,4,0,263
5213800,1,0,48
5217056,4,0,407
5217888,2,0,104
5221064,3,0,397
5223104,5,0,255
5225080,3,0,247
5226888,4,0,226
5227272,1,0,48
5228120,2,0,106
5229360,2,0,155
5229744,1,0,48
5230952,1,0,151
5233040,4,0,261
5234672,3,0,204
5237928,4,0,407
5238752,1,0,103
5239936,2,0,148
5241904,2,0,246
5244392,1,0,311
5246376,3,0,248
5246760,2,0,48
5248320,4,0,195
5250376,5,0,257
5251136,2,0,95
5253968,4,0,354
5255136,3,0,146
5255896,2,0,95
5256656,2,0,95
5257040,1,0,48
5257800,2,0,95
5259272,2,0,184
5259656,1,0,48
5260104,1,0,56
5261240,3,0,142
5264536,4,0,412
5264960,1,0,53
5267048,6,0,261
5269128,2,0,260
5271400,5,0,284
5273760,5,0,295
5275272,3,0,189
5276744,3,0,184
5277888,2,0,143
5279480,2,0,199
5280240,2,0,95
5281904,3,0,208
5282664,2,0,95
5284648,2,0,248
5288024,0,0,422
5289536,3,0,189
5292456,3,0,365
5292840,1,0,48
5296328,4,0,436
5297592,3,0,158
5300000,3,0,301
5301632,4,0,204
5304464,4,0,354
5306904,4,0,305
5307744,2,0,105
5310440,2,0,337
5312424,4,0,248
5314880,4,0,307
5316168,1,0,161
5317784,2,0,202
5320320,4,0,317
5321080,2,0,95
5321856,2,0,97
5323368,4,0,189
5326032,4,0,333
5328408,4,0,297
5329200,2,0,99
5329632,2,0,54
5331184,4,0,194
5331568,1,0,48
5333952,5,0,298
5335088,3,0,142
5338512,3,0,428
5339368,2,0,107
5341896,3,0,316
5342280,1,0,48
5344232,3,0,244
5348040,4,0,476
5348800,2,0,95
5352096,2,0,412
5352480,1,0,48
5354376,5,0,237
5355544,3,0,146
5357544,5,0,250
5359528,5,0,248
5360664,5,0,142
5361928,1,0,158
5364088,4,0,270
5364936,2,0,106
5367904,4,0,371
5370496,3,0,324
5373008,3,0,314
5374344,3,0,167
5374768,1,0,53
5376752,4,0,248
5378800,4,0,256
5381696,4,0,362
5384720,2,0,378
5385888,2,0,146
5386272,2,0,48
5388176,3,0,238
5391136,3,0,370
5392672,4,0,192
5395056,3,0,298
5395864,1,0,101
5396624,2,0,95
5397776,2,0,144
5399440,3,0,208
5404008,2,0,571
5406536,4,0,316
5408376,3,0,230
5410904,4,0,316
5412512,4,0,201
5415400,3,0,361
5416544,2,0,143
5420984,4,0,555
5422152,2,0,146
5423112,3,0,120
5424256,3,0,143
5424640,2,0,48
5427016,4,0,297
5428888,3,0,234
5432168,6,0,410
5434432,4,0,283
5436104,3,0,209
5437248,3,0,143
5438096,2,0,106
5438472,1,0,47
5439232,2,0,95
5441376,4,0,268
5442136,2,0,95
5442896,2,0,95
5446104,3,0,401
5446536,1,0,54
5448184,3,0,206
5449760,1,0,197
5451744,4,0,248
5452880,3,0,142
5453264,2,0,48
5454024,2,0,95
5455168,2,0,143
5457664,5,0,312
5458800,3,0,142
5461800,4,0,375
5463064,1,0,158
5463448,2,0,48
5464976,2,0,191
5465360,2,0,48
5465752,1,0,49
5468120,3,0,296
5469728,2,0,201
5472264,3,0,317
5473416,3,0,144
5474960,4,0,193
5476968,4,0,251
5478480,4,0,189
5480920,3,0,305
5482568,3,0,206
5485120,3,0,319
5486256,2,0,142
5488840,3,0,323
5490824,4,0,248
5494312,4,0,436
5497856,1,0,443
5501264,4,0,426
5501672,1,0,51
5503328,3,0,207
5504088,1,0,95
5505696,2,0,201
5506128,2,0,54
5507648,3,0,190
5508032,0,0,48
5508488,1,0,57
5509624,2,0,142
5512536,2,0,364
5515008,5,0,309
5516136,3,0,141
5519352,5,0,402
5521016,3,0,208
5521392,1,0,47
5522288,3,0,112
5523056,2,0,96
5524200,2,0,143
5525336,3,0,142
5525792,1,0,57
5527776,2,0,248
5528536,1,0,95
5531256,3,0,340
5532504,2,0,156
5534568,5,0,258
5536960,4,0,299
5538600,3,0,205
5539736,5,0,142
5542624,4,0,361
5545504,4,0,360
5548088,5,0,323
5549712,4,0,203
5550552,2,0,105
5552584,6,0,254
5552968,1,0,48
5554920,3,0,244
5556488,0,0,196
5559056,5,0,321
5560688,5,0,204
5562208,4,0,190
5566176,5,0,496
5566936,1,0,95
5568992,2,0,257
5571496,4,0,313
5572296,2,0,100
5573056,2,0,95
5575880,5,0,353
5577480,5,0,200
5577856,0,0,47
5578616,2,0,95
5580240,4,0,203
5583104,4,0,358
5585488,3,0,298
5587536,3,0,256
5587920,1,0,48
5588296,2,0,47
5589432,3,0,142
5591880,2,0,306
5594736,4,0,357
5596688,4,0,244
5597448,2,0,95
5599880,2,0,304
5601400,3,0,190
5601784,2,0,48
5602920,2,0,142
5603856,3,0,117
5604240,2,0,48
5606160,6,0,240
5607808,2,0,206
5610464,3,0,332
5610848,0,0,48
5611616,2,0,96
5613968,4,0,294
5614728,2,0,95
5616368,4,0,205
5617552,3,0,148
5619728,2,0,272
5622160,5,0,304
5623296,2,0,142
5623728,2,0,54
5626208,4,0,310
5627344,3,0,142
5627768,1,0,53
5628600,2,0,104
5629360,2,0,95
5629744,0,0,48
5632208,4,0,308
5633408,3,0,150
5635392,5,0,248
5638264,4,0,359
5639424,3,0,145
5640184,2,0,95
5641336,3,0,144
5643288,4,0,244
5644424,2,0,142
5645560,2,0,142
5647992,3,0,304
5649592,3,0,200
5651640,3,0,256
5652576,2,0,117
5654656,3,0,260
5655416,2,0,95
5655800,2,0,48
5658336,2,0,317
5661152,3,0,352
5662304,3,0,144
5664312,4,0,251
5664696,1,0,48
5671080,2,0,798
5673520,2,0,305
5675928,4,0,301
5676352,1,0,53
5677864,4,0,189
5679488,3,0,203
5681504,5,0,252
5684264,4,0,345
5685256,3,0,124
5686776,3,0,190
5689960,5,0,398
5690344,1,0,48
5693488,4,0,393
5696720,7,0,404
5697560,2,0,105
5699984,3,0,303
5700376,1,0,49
5704808,6,0,554
5706792,4,0,248
5709296,4,0,313
5709680,1,0,48
5711720,4,0,255
5714216,1,0,312
5714976,1,0,95
5716496,3,0,190
5716920,2,0,53
5718912,1,0,249
5721256,2,0,293
5721632,1,0,47
5723744,3,0,264
5724504,1,0,95
5726888,4,0,298
5727656,2,0,96
5728040,1,0,48
5729192,2,0,144
5729968,2,0,97
5730352,2,0,48
5732776,3,0,303
5734280,2,0,188
5734408,1,0,16
5736888,4,0,310
5738032,2,0,143
5739584,3,0,194
5741584,2,0,250
5744136,5,0,319
5745336,3,0,150
5746496,3,0,145
5747664,3,0,146
5749672,1,0,251
5752168,5,0,312
5752600,1,0,54
5752976,2,0,47
5755768,4,0,349
5756528,2,0,95
5758016,2,0,186
5759152,2,0,142
5760416,2,0,158
5761800,3,0,173
5762560,2,0,95
5767952,6,0,674
5771376,3,0,428
5774880,6,0,438
5778520,6,0,455
5780504,3,0,248
5782616,3,0,264
5783000,2,0,48
5783560,2,0,70
5784792,3,0,154
5786456,4,0,208
5788080,4,0,203
5790544,3,0,308
5791680,3,0,142
5792816,2,0,142
5793952,3,0,142
5795192,4,0,155
5796328,2,0,142
5798360,4,0,254
5802112,3,0,469
5802872,2,0,95
5804768,3,0,237
5805904,2,0,142
5810424,4,0,565
5811584,3,0,145
5813512,2,0,241
5814736,4,0,153
5817008,1,0,284
5817824,2,0,102
5820472,4,0,331
5822136,1,0,208
5825008,3,0,359
5825768,2,0,95
5827640,2,0,234
5828408,1,0,96
5830032,4,0,203
5832464,3,0,304
5835344,6,0,360
5837288,3,0,243
5839176,5,0,236
5841664,2,0,311
5842808,3,0,143
5845680,3,0,359
5848576,5,0,362
5851064,6,0,311
5853088,4,0,253
5856296,4,0,401
5857056,2,0,95
5858184,3,0,141
5859328,2,0,143
5862136,3,0,351
5863768,2,0,204
5865424,2,0,207
5867048,4,0,203
5867480,1,0,54
5869088,2,0,201
5872376,5,0,411
5874056,3,0,210
5876080,4,0,253
5876464,2,0,48
5878848,3,0,298
5880072,2,0,153
5883488,5,0,427
5885144,4,0,207
5886288,1,0,143
5887912,2,0,203
5890808,3,0,362
5891568,2,0,95
5893656,3,0,261
5895616,2,0,245
5898256,6,0,330
5901080,4,0,353
5903048,1,0,246
5904184,3,0,142
5905984,4,0,225
5908096,1,0,264
5908480,1,0,48
5911056,7,0,322
5914440,2,0,423
5917280,4,0,355
5917664,1,0,48
5919224,3,0,195
5921280,1,0,257
5921664,1,0,48
5922848,2,0,148
5924368,4,0,190
5927240,2,0,359
5928840,4,0,200
5930496,3,0,207
5931664,1,0,146
5932840,3,0,147
5935728,2,0,361
5938112,1,0,298
5938544,2,0,54
5940880,4,0,292
5943880,3,0,375
5945768,3,0,236
5946928,3,0,145
5948512,2,0,198
5948896,2,0,48
5950408,4,0,189
5952456,4,0,256
5955904,4,0,431
5957808,4,0,238
5960200,4,0,299
5963152,3,0,369
5965640,4,0,311
5967720,4,0,260
5969264,2,0,193
5971936,5,0,334
5973544,3,0,201
5974784,3,0,155
5976016,1,0,154
5978472,2,0,307
5980920,3,0,306
5982056,3,0,142
5985136,5,0,385
5987776,3,0,330
5990184,4,0,301
5992576,2,0,299
5994528,2,0,244
5996232,2,0,213
5998688,3,0,307
6001536,4,0,356
6004448,3,0,364
6007624,6,0,397
6008760,3,0,142
6010640,5,0,235
6012528,4,0,236
6013008,2,0,60
6013392,1,0,48
6016208,4,0,352
6018152,2,0,243
6021360,4,0,401
6021744,2,0,48
6024904,4,0,395
6025280,0,0,47
6028552,3,0,409
6030072,3,0,190
6033336,4,0,408
6035360,3,0,253
6036120,2,0,95
6038008,4,0,236
6039224,3,0,152
6042024,4,0,350
6044328,5,0,288
6045464,2,0,142
6046848,5,0,173
6048880,3,0,254
6051272,5,0,299
6052504,3,0,154
6053648,2,0,143
6054784,2,0,142
6055552,1,0,96
6057960,5,0,301
6060632,4,0,334
6062864,4,0,279
6065288,4,0,303
6067776,3,0,311
6071552,5,0,472
6074416,2,0,358
6075544,1,0,141
6077808,4,0,283
6082256,4,0,556
6083424,1,0,146
6083808,2,0,48
6084240,2,0,54
6087976,5,0,467
6090760,7,0,348
6091520,2,0,95
6092656,2,0,142
6095664,3,0,376
6097664,4,0,250
6100184,3,0,315
6102200,2,0,252
6104728,4,0,316
6105880,4,0,144
6106264,0,0,48
6108528,2,0,283
6110680,3,0,269
6112760,6,0,260
6115224,8,0,308
6116360,3,0,142
6118896,6,0,317
6120424,4,0,191
6122368,4,0,243
6125032,5,0,333
6126168,1,0,142
6126552,1,0,48
6128016,4,0,183
6130056,2,0,255
6132016,1,0,245
6135288,2,0,409
6137344,3,0,257
6139216,2,0,234
6140736,4,0,190
6142720,3,0,248
6143856,2,0,142
6146672,2,0,352
6149112,2,0,305
6149512,0,0,50
6151920,5,0,301
6153064,2,0,143
6154792,3,0,216
6159248,4,0,557
6160424,0,0,147
6161936,2,0,189
6163072,1,0,142
6165080,3,0,251
6165456,1,0,47
6167472,5,0,252
6168984,3,0,189
6171016,4,0,254
6171776,1,0,95
6175248,1,0,434
6178992,4,0,468
6180160,3,0,146
6183048,3,0,361
6184568,4,0,190
6184952,1,0,48
6187080,5,0,266
6188600,2,0,190
6192592,5,0,499
6195176,5,0,323
6196952,3,0,222
6198568,3,0,202
6200256,3,0,211
6202624,3,0,296
6205512,5,0,361
6207040,4,0,191
6209544,3,0,313
6211072,3,0,191
6212328,3,0,157
6215616,6,0,411
6218072,6,0,307
6220136,2,0,258
6222928,5,0,349
6224064,3,0,142
6226584,5,0,315
6230656,4,0,509
6231040,0,0,48
6233464,5,0,303
6234600,3,0,142
6236128,5,0,191
6237264,2,0,142
6239144,3,0,235
6240808,2,0,208
6241192,1,0,48
6242688,3,0,187
6244312,4,0,203
6246792,2,0,310
6247616,2,0,103
6248376,2,0,95
6251016,4,0,330
6251400,2,0,48
6255568,3,0,521
6257816,4,0,281
6258208,1,0,49
6259072,1,0,108
6261904,1,0,354
6263520,5,0,202
6263904,2,0,48
6265896,4,0,249
6266656,2,0,95
6268256,5,0,200
6271280,2,0,378
6271664,2,0,48
6274216,3,0,319
6274976,2,0,95
6276720,3,0,218
6278248,2,0,191
6281576,3,0,416
6282400,1,0,103
6284664,2,0,283
6285424,2,0,95
6287448,4,0,253
6290440,3,0,374
6290824,1,0,48
6291280,0,0,57
6296328,5,0,631
6297424,4,0,137
6301064,9,0,455
6302840,2,0,222
6305664,4,0,353
6308072,3,0,301
6310016,4,0,243
6313688,5,0,459
6316152,4,0,308
6319472,2,0,415
6321960,4,0,311
6324616,1,0,332
6326360,4,0,218
6328512,3,0,269
6330064,4,0,194
6331688,3,0,203
6333232,4,0,193
6335672,4,0,305
6338600,3,0,366
6338984,1,0,48
6340960,4,0,247
6342584,4,0,203
6344096,1,0,189
6346168,4,0,259
6348552,3,0,298
6350064,5,0,189
6350824,2,0,95
6351200,1,0,47
6353192,0,0,249
6356016,4,0,353
6357000,3,0,123
6358240,3,0,155
6358624,1,0,48
6359384,2,0,95
6362976,4,0,449
6364120,1,0,143
6364880,2,0,95
6367576,4,0,337
6369552,3,0,247
6370704,3,0,144
6372672,3,0,246
6373384,2,0,89
6376408,2,0,378
6377544,3,0,142
6379904,3,0,295
6382344,5,0,305
6385616,5,0,409
6388592,4,0,372
6390256,4,0,208
6391776,4,0,190
6393288,4,0,189
6394424,3,0,142
6396024,3,0,200
6399552,3,0,441
6401256,2,0,213
6402400,3,0,143
6403536,3,0,142
6406904,6,0,421
6409936,1,0,379
6410800,2,0,108
6413280,6,0,310
6415928,4,0,331
6416312,0,0,48
6417824,3,0,189
6418232,1,0,51
6419896,3,0,208
6421040,3,0,143
6422336,1,0,162
6424848,1,0,314
6426704,3,0,232
6427464,1,0,95
6427848,1,0,48
6431120,4,0,409
6433128,3,0,251
6435344,3,0,277
6437224,3,0,235
6438456,2,0,154
6438944,2,0,61
6441800,4,0,357
6444160,4,0,295
6446824,8,0,333
6449280,4,0,307
6450416,2,0,142
6450800,0,0,48
6453624,4,0,353
6455808,4,0,273
6457888,5,0,260
6459440,5,0,194
6462720,5,0,410
6464776,2,0,257
6468168,6,0,424
6471600,5,0,429
6473480,2,0,235
6474616,2,0,142
6477392,4,0,347
6479544,5,0,269
6482488,3,0,368
6483648,1,0,145
6486288,4,0,330
6486672,1,0,48
6487616,4,0,118
6489800,3,0,273
6492632,5,0,354
6493016,1,0,48
6495984,4,0,371
6496368,1,0,48
6497952,3,0,198
6501304,3,0,419
6502544,2,0,155
6504176,2,0,204
6506064,2,0,236
6506480,1,0,52
6508160,3,0,210
6509664,4,0,188
6513032,4,0,421
6515880,4,0,356
6518136,0,0,282
6520552,3,0,302
6520840,0,0,36
6521984,1,0,143
6524136,2,0,269
6527408,2,0,409
6531160,3,0,469
6532296,3,0,142
6534184,3,0,236
6536184,4,0,250
6541456,6,0,659
6542664,2,0,151
6545136,3,0,309
6546272,2,0,142
6548752,4,0,310
6551672,6,0,365
6552504,3,0,104
6553608,2,0,138
6556408,6,0,350
6560192,5,0,473
6561328,3,0,142
6563608,5,0,285
6566464,3,0,357
6567608,3,0,143
6572232,2,0,578
6573896,2,0,208
6577112,3,0,402
6579000,2,0,236
6580896,2,0,237
6582064,4,0,146
6584072,3,0,251
6585216,3,0,143
6588360,5,0,393
6591656,4,0,412
6594448,4,0,349
6595208,2,0,95
6596392,1,0,148
6599608,5,0,402
6601600,5,0,249
6603208,4,0,201
6604840,3,0,204
6606568,2,0,216
6607712,2,0,143
6610544,2,0,354
6612056,2,0,189
6614040,1,0,248
6615288,3,0,156
6618712,3,0,428
6619928,2,0,152
6621512,5,0,198
6623688,7,0,272
6626512,4,0,353
6628168,3,0,207
6630056,2,0,236
6630496,1,0,55
6632960,5,0,308
6634248,2,0,161
6637776,5,0,441
6640072,2,0,287
6642472,3,0,300
6644896,4,0,303
6649776,5,0,610
6651872,4,0,262
6653992,2,0,265
6656104,3,0,264
6658056,5,0,244
6660656,3,0,325
6663912,6,0,407
6667504,5,0,449
6668296,2,0,99
6669808,4,0,189
6671960,3,0,269
6675320,2,0,420
6678192,2,0,359
6680640,7,0,306
6681840,1,0,150
6683024,3,0,148
6684920,3,0,237
6687352,3,0,304
6687736,1,0,48
6691336,6,0,450
6692136,2,0,100
6695152,4,0,377
6695576,1,0,53
6696736,3,0,145
6698696,2,0,245
6699896,3,0,150
6700304,1,0,51
6702192,4,0,236
6704680,2,0,311
6706520,3,0,230
6709416,3,0,362
6710952,4,0,192
6711912,5,0,120
6714160,5,0,281
6715760,3,0,200
6717352,3,0,199
6717512,1,0,20
6719400,4,0,236
6722992,4,0,449
6724648,4,0,207
6727912,1,0,408
6730296,3,0,298
6731896,3,0,200
6733896,4,0,250
6737528,4,0,454
6740376,3,0,356
6742392,3,0,252
6743536,3,0,143
6750648,5,0,889
6751784,3,0,142
6756744,6,0,620
6758288,3,0,193
6759800,4,0,189
6761848,3,0,256
6764464,3,0,327
6765968,5,0,188
6768408,4,0,305
6768792,1,0,48
6771360,1,0,321
6771744,1,0,48
6772880,3,0,142
6775376,0,0,312
6777008,2,0,204
6777768,2,0,95
6779392,4,0,203
6781344,3,0,244
6783728,4,0,298
6784488,2,0,95
6785656,3,0,146
6789328,4,0,459
6791768,2,0,305
6792216,1,0,56
6792976,2,0,95
6794952,2,0,247
6797400,3,0,306
6799952,3,0,319
6801120,3,0,146
6802752,4,0,204
6805320,1,0,321
6807248,4,0,241
6808768,3,0,190
6811200,5,0,304
6814520,2,0,415
6816232,6,0,214
6818272,5,0,255
6819464,3,0,149
6821368,4,0,238
6822512,2,0,143
6824608,3,0,262
6825384,2,0,97
6827808,4,0,303
6831336,6,0,441
6834168,4,0,354
6834936,2,0,96
6835320,2,0,48
6838184,4,0,358
6839824,3,0,205
6841000,2,0,147
6842136,2,0,142
6843304,4,0,146
6843688,0,0,48
6845672,3,0,248
6848336,3,0,333
6848520,1,0,23
6848928,1,0,51
6851752,3,0,353
6854536,3,0,348
6857000,4,0,308
6858632,2,0,204
6861088,4,0,307
6863280,3,0,274
6866280,4,0,375
6869920,5,0,455
6872552,4,0,329
6874664,5,0,264
6876192,4,0,191
6878824,3,0,329
6880360,4,0,192
6881664,3,0,163
6882824,3,0,145
6884848,3,0,253
6887336,3,0,311
6890968,6,0,454
6894552,4,0,448
6897376,6,0,353
6900712,4,0,417
6902712,2,0,250
6903472,2,0,95
6907968,3,0,562
6911256,5,0,411
6914064,2,0,351
6915592,4,0,191
6917976,3,0,298
6920336,3,0,295
6923112,4,0,347
6925224,3,0,264
6928080,3,0,357
6931240,2,0,395
6931624,1,0,48
6933224,4,0,200
6935520,2,0,287
6938760,1,0,405
6940272,4,0,189
6940656,1,0,48
6943504,4,0,356
6945024,4,0,190
6947736,5,0,339
6949960,2,0,278
6951608,5,0,206
6952864,5,0,157
6953632,2,0,96
6958752,5,0,640
6960648,2,0,237
6963208,5,0,320
6964352,2,0,143
6965176,3,0,103
6967200,3,0,253
6969176,1,0,247
6971824,4,0,331
6974192,3,0,296
6977528,2,0,417
6979576,3,0,256
6982624,5,0,381
6983384,2,0,95
6984960,4,0,197
6986488,3,0,191
6987248,2,0,95
6990072,4,0,353
6991232,2,0,145
6992856,3,0,203
6995712,3,0,357
6998384,1,0,334
7000048,0,0,208
7001840,4,0,224
7005504,2,0,458
7007992,3,0,311
7009240,4,0,156
7011272,3,0,254
7012360,3,0,136
7015240,3,0,360
7016864,4,0,203
7018408,4,0,193
7021632,3,0,403
7023152,5,0,190
7025584,4,0,304
7027144,2,0,195
7027568,2,0,53
7030920,5,0,419
7032672,3,0,219
7035056,4,0,298
7036568,3,0,189
7038832,2,0,283
7040048,1,0,152
7042016,3,0,246
7043992,5,0,247
7047144,4,0,394
7050624,4,0,435
7053096,1,0,309
7055136,2,0,255
7057912,3,0,347
7060360,2,0,306
7061512,1,0,144
7064384,3,0,359
7066328,1,0,243
7066712,1,0,48
7068352,5,0,205
7070360,4,0,251
7072024,4,0,208
7073704,3,0,210
7074848,3,0,143
7075992,2,0,143
7078712,5,0,340
7080688,4,0,247
7084344,5,0,457
7088088,2,0,468
7090592,2,0,313
7093440,3,0,356
7094208,2,0,96
7094344,1,0,17
7096368,4,0,253
7098488,4,0,265
7100528,4,0,255
7102136,2,0,201
7102896,2,0,95
7103288,1,0,49
7105816,4,0,316
7108864,4,0,381
7110000,2,0,142
7111416,4,0,177
7112552,3,0,142
7116792,4,0,530
7119288,3,0,312
7122208,2,0,365
7123720,4,0,189
7126536,1,0,352
7128656,3,0,265
7129040,2,0,48
7130272,3,0,154
7132408,3,0,267
7134904,3,0,312
7136904,3,0,250
7140320,5,0,427
7143624,1,0,413
7145728,2,0,263
7146872,3,0,143
7148952,3,0,260
7152624,5,0,459
7156696,2,0,509
7158304,4,0,201
7160448,2,0,268
7164784,5,0,542
7165936,3,0,144
7167448,3,0,189
7170816,1,0,421
7171192,1,0,47
7174016,3,0,353
7175632,1,0,202
7176064,0,0,54
7179440,6,0,422
7181840,4,0,300
7184256,3,0,302
7187968,4,0,464
7189120,3,0,144
7192136,5,0,377
7192616,2,0,60
7193000,1,0,48
7193368,1,0,46
7195000,5,0,204
7196136,3,0,142
7198176,3,0,255
7201016,1,0,355
7202144,2,0,141
7204056,4,0,239
7206048,2,0,249
7209488,4,0,430
7210992,4,0,188
7214752,4,0,470
7216640,3,0,236
7220232,3,0,449
7222640,3,0,301
7223776,2,0,142
7228416,2,0,580
7231656,2,0,405
7233960,5,0,288
7235864,4,0,238
7236696,2,0,104
7239088,1,0,299
7241608,1,0,315
7242112,1,0,63
7244200,2,0,261
7246232,4,0,254
7248728,4,0,312
7249512,1,0,98
7252128,1,0,327
7252920,2,0,99
7254592,4,0,209
7257848,5,0,407
7260008,2,0,270
7264144,3,0,517
7266432,3,0,286
7269688,2,0,407
7273864,4,0,522
7275288,2,0,178
7278744,4,0,432
7280360,4,0,202
7280744,1,0,48
7282952,4,0,276
7284464,4,0,189
7286096,1,0,204
7286888,2,0,99
7289296,2,0,301
7291256,3,0,245
7293712,3,0,307
7296088,3,0,297
7298496,3,0,301
7301152,2,0,332
7305288,4,0,517
7305672,1,0,48
7308104,3,0,304
7309632,3,0,191
7312688,5,0,382
7314320,2,0,204
7319104,1,0,598
7320744,0,0,205
7322288,2,0,193
7325240,2,0,369
7325624,1,0,48
7327160,2,0,192
7330464,3,0,413
7331632,3,0,146
7332776,2,0,143
7334288,3,0,189
7335920,3,0,204
7336352,1,0,54
7336744,1,0,49
7340040,4,0,412
7342272,4,0,279
7343416,3,0,143
7345048,6,0,204
7346184,1,0,142
7348248,3,0,258
7351152,4,0,363
7354400,4,0,406
7356464,4,0,258
7358448,2,0,248
7362928,4,0,560
7365376,4,0,306
7368384,4,0,376
7369240,2,0,107
7370928,4,0,211
7372544,3,0,202
7373728,2,0,148
7374112,2,0,48
7376752,3,0,330
7377512,2,0,95
7379400,4,0,236
7380360,1,0,120
7384000,4,0,455
7385136,3,0,142
7387640,3,0,313
7388856,4,0,152
7391184,3,0,291
7392824,4,0,205
7395712,5,0,361
7399456,5,0,468
7401472,4,0,252
7404696,4,0,403
7408208,4,0,439
7409768,3,0,195
7412704,3,0,367
7414776,2,0,259
7416320,4,0,193
7417968,3,0,206
7418352,1,0,48
7421736,5,0,423
7423720,2,0,248
7424120,1,0,50
7425672,3,0,194
7427568,2,0,237
7429488,3,0,240
7433584,3,0,512
7436072,2,0,311
7436456,1,0,48
7436872,1,0,52
7440080,4,0,401
7441600,3,0,190
7443488,4,0,236
7443872,1,0,48
7449328,6,0,682
7450896,3,0,196
7452704,3,0,226
7454680,3,0,247
7457240,3,0,320
7460144,2,0,363
7463376,4,0,404
7464136,2,0,95
7467016,3,0,360
7470808,4,0,474
7474424,5,0,452
7475560,3,0,142
7478368,1,0,351
7480776,3,0,301
7483224,3,0,306
7487432,8,0,526
7489384,2,0,244
7490240,2,0,107
7492376,4,0,267
7493512,3,0,142
7496136,5,0,328
7498864,4,0,341
7499248,1,0,48
7500008,2,0,95
7501144,3,0,142
7503536,3,0,299
7507272,4,0,467
7509920,5,0,331
7513296,3,0,422
7515184,5,0,236
7518928,4,0,468
7521080,3,0,269
7524296,3,0,402
7525448,3,0,144
7528120,4,0,334
7530536,3,0,302
7533416,4,0,360
7535832,2,0,302
7537072,4,0,155
7539608,4,0,317
7542064,4,0,307
7542480,0,0,52
7544888,4,0,301
7546784,1,0,237
7549744,3,0,370
7551920,2,0,272
7553968,5,0,256
7555720,3,0,219
7557728,3,0,251
7561072,3,0,418
7562376,2,0,163
7565328,3,0,369
7566504,1,0,147
7568824,5,0,290
7570904,4,0,260
7573416,7,0,314
7576440,5,0,378
7577632,3,0,149
7578768,2,0,142
7580480,2,0,214
7584504,3,0,503
7587032,2,0,316
7588168,3,0,142
7591768,4,0,450
7594184,3,0,302
7595832,4,0,206
7599864,8,0,504
7603576,4,0,464
7606024,3,0,306
7608424,3,0,300
7609568,3,0,143
7609952,1,0,48
7610336,1,0,48
7610720,2,0,48
7612352,3,0,204
7616528,3,0,522
7618528,2,0,250
7621440,4,0,364
7622976,3,0,192
7624280,3,0,163
7625952,3,0,209
7627952,3,0,250
7630440,5,0,311
7630896,1,0,57
7632088,1,0,149
7633224,2,0,142
7634952,5,0,216
7636600,3,0,206
7637832,2,0,154
7640856,5,0,378
7643928,3,0,384
7646456,3,0,316
7647984,3,0,191
7650848,4,0,358
7651272,0,0,53
7653432,6,0,270
7654632,2,0,150
7657616,4,0,373
7658856,2,0,155
7661816,4,0,370
7663856,3,0,255
7666016,3,0,270
7667152,3,0,142
7669712,5,0,320
7671016,1,0,163
7673296,5,0,285
7675552,4,0,282
7677184,1,0,204
7678352,1,0,146
7679864,4,0,189
7683440,2,0,447
7684664,2,0,153
7687728,3,0,383
7689240,3,0,189
7691136,4,0,237
7693128,2,0,249
7694280,3,0,144
7697536,4,0,407
7699288,4,0,219
7701984,4,0,337
7705696,5,0,464
7708136,4,0,305
7708984,0,0,106
7714784,2,0,725
7717296,3,0,314
7719568,2,0,284
7720352,1,0,98
7720744,1,0,49
7722400,1,0,207
7723928,6,0,191
7725072,3,0,143
7726224,3,0,144
7729536,4,0,414
7731568,2,0,254
7732736,3,0,146
7735856,4,0,390
7737552,3,0,212
7739424,3,0,234
7741216,1,0,224
7744112,3,0,362
7746176,6,0,258
7748072,2,0,237
7751368,3,0,412
7754528,4,0,395
7757568,4,0,380
7759624,3,0,257
7762904,4,0,410
7764040,3,0,142
7765896,1,0,232
7766776,1,0,110
7767912,3,0,142
7770968,3,0,382
7773096,1,0,266
7773480,1,0,48
7775952,3,0,309
7777928,3,0,247
7780248,4,0,290
7781392,2,0,143
7782168,2,0,97
7784024,4,0,232
7785672,3,0,206
7786056,0,0,48
7787216,2,0,145
7790016,5,0,350
7792400,3,0,298
7793160,2,0,95
7795160,2,0,250
7796392,2,0,154
7801280,3,0,611
7804120,3,0,355
7806240,3,0,265
7809048,3,0,351
7811064,3,0,252
7813064,4,0,250
7815616,4,0,319
7818568,2,0,369
7821368,8,0,350
7823280,4,0,239
7824416,1,0,142
7828280,5,0,483
7828664,0,0,48
7829872,2,0,151
7831136,2,0,158
7833616,3,0,310
7834752,3,0,142
7835176,0,0,53
7836784,3,0,201
7837536,2,0,94
7840752,2,0,402
7843528,2,0,347
7845040,2,0,189
7847448,4,0,301
7849824,4,0,297
7850648,2,0,103
7852928,3,0,285
7855200,5,0,284
7856504,3,0,163
7856888,1,0,48
7858776,3,0,236
7860288,3,0,189
7862288,2,0,250
7862672,2,0,48
7864184,3,0,189
7867704,3,0,440
7869224,3,0,190
7871240,5,0,252
7873528,3,0,286
7876008,3,0,310
7877136,3,0,141
7879032,4,0,237
7880552,3,0,190
7881864,2,0,164
7883496,3,0,204
7886304,2,0,351
7889312,2,0,376
7890864,4,0,194
7892472,3,0,201
7893608,3,0,142
7897096,4,0,436
7899824,4,0,341
7901464,3,0,205
7904208,3,0,343
7907368,4,0,395
7909544,2,0,272
7912768,2,0,403
7914864,3,0,262
7917744,3,0,360
7920144,3,0,300
7923128,5,0,373
7925944,3,0,352
7928008,3,0,258
7928384,2,0,47
7930824,4,0,305
7931208,1,0,48
7932720,5,0,189
7936208,5,0,436
7938416,3,0,276
7939216,2,0,100
7941864,2,0,331
7943920,4,0,257
7945200,3,0,160
7947680,5,0,310
7948816,3,0,142
7949952,3,0,142
7952384,3,0,304
7955312,5,0,366
7957816,5,0,313
7960744,5,0,366
7961904,2,0,145
7964688,3,0,348
7967080,4,0,299
7968976,4,0,237
7970200,2,0,153
7972296,4,0,262
7973944,3,0,206
7976552,3,0,326
7978584,1,0,254
7979016,2,0,54
7981040,3,0,253
7983680,2,0,330
7985208,4,0,191
7988784,7,0,447
7989576,2,0,99
7991624,6,0,256
7993144,3,0,190
7995072,3,0,241
7996320,3,0,156
8000544,6,0,528
8001720,2,0,147
8004984,6,0,408
8005752,1,0,96
8007232,4,0,185
8010176,4,0,368
8012448,4,0,284
8014712,3,0,283
8015520,2,0,101
8017984,2,0,308
8022048,5,0,508
8023240,2,0,149
8025896,3,0,332
8027960,6,0,258
8029288,4,0,166
8029672,1,0,48
8031192,3,0,190
8031576,1,0,48
8034456,2,0,360
8036480,3,0,253
8038976,2,0,312
8043608,3,0,579
8045696,4,0,261
8049608,7,0,489
8050896,3,0,161
8052976,3,0,260
8054496,4,0,190
8056304,2,0,226
8057552,3,0,156
8059440,4,0,236
8060272,0,0,104
8062576,3,0,288
8063808,1,0,154
8065424,1,0,202
8067880,4,0,307
8069880,3,0,250
8073008,2,0,391
8075048,2,0,255
8076664,4,0,202
8078944,2,0,285
8080576,5,0,204
8081648,1,0,134
8082792,3,0,143
8085248,3,0,307
8086880,2,0,204
8089648,3,0,346
8092816,3,0,396
8093192,1,0,47
8096040,7,0,356
8098880,2,0,355
8101672,5,0,349
8104128,5,0,307
8105640,4,0,189
8106024,1,0,48
8108416,4,0,299
8110184,2,0,221
8112384,3,0,275
8115680,3,1,412
8118392,3,0,339
8120288,5,0,237
8122328,4,0,255
8123952,3,0,203
8126472,4,0,315
8128904,5,0,304
8131168,5,0,283
8133936,5,0,346
8135968,5,0,254
8138536,4,0,321
8140080,3,0,193
8141728,3,0,206
8145504,6,0,472
8145888,0,0,48
8147528,4,0,205
8149432,3,0,238
8153032,5,0,450
8155336,4,0,288
8157992,3,0,332
8159256,2,0,158
8162080,4,0,353
8164016,3,0,242
8166672,4,0,332
8169544,4,0,359
8171920,3,0,297
8173432,2,0,189
8175848,2,0,302
8177032,3,0,148
8179144,1,0,264
8181176,3,0,254
8182320,3,0,143
8185632,0,0,414
8187176,3,0,193
8187624,0,0,56
8190128,5,0,313
8193848,5,0,465
8195008,2,0,145
8195456,1,0,56
8197368,3,0,239
8199328,3,0,245
8201824,1,0,312
8204280,5,0,307
8206368,2,0,261
8209624,4,0,407
8210008,1,0,48
8213720,4,0,464
8216312,1,0,324
8217952,4,0,205
8220872,4,0,365
8224632,4,0,470
8230328,3,0,712
8233960,2,0,454
8235616,3,0,207
8238992,4,0,422
8241160,1,0,271
8241640,0,0,60
8243544,4,0,238
8246352,2,0,351
8247864,2,0,189
8251200,6,0,417
8253680,5,0,310
8254824,2,0,143
8257520,3,0,337
8257952,2,0,54
8262296,3,0,543
8263968,3,0,209
8266440,4,0,309
8269096,1,0,332
8272008,3,0,364
8274336,2,0,291
8274784,0,0,56
8276304,4,0,190
8279144,4,0,355
8280280,4,0,142
8282168,4,0,236
8283336,3,0,146
8285736,2,0,300
8286416,1,0,85
8287928,2,0,189
8291552,4,0,453
8294232,4,0,335
8297000,3,0,346
8298520,2,0,190
8299760,2,0,155
8300208,1,0,56
8302632,3,0,303
8306424,4,0,474
8309608,2,0,398
8313112,1,0,438
8315152,5,0,255
8316808,6,0,207
8320136,2,0,416
8321648,5,0,189
8322408,2,0,95
8323080,2,0,84
8324248,2,0,146
8328064,5,0,477
8329768,2,0,213
8330528,2,0,95
8332432,4,0,238
8333720,3,0,161
8335608,2,0,236
8338480,4,0,359
8340888,4,0,301
8342896,4,0,251
8344032,2,0,142
8345544,4,0,189
8347432,5,0,236
8350624,4,0,399
8353992,3,0,421
8355592,4,0,200
8358024,2,0,304
8359536,4,0,189
8359920,0,0,48
8361064,1,0,143
8361888,1,0,103
8362272,1,0,48
8363504,2,0,154
8365728,3,0,278
8366488,2,0,95
8367272,2,0,98
8368768,4,0,187
8371424,3,0,332
8373728,3,0,288
8376912,2,0,398
8380200,4,0,411
8382088,2,0,236
8383656,2,0,196
8386904,4,0,406
8388072,2,0,146
8391640,3,0,446
8393216,3,0,197
8396984,6,0,471
8398872,4,0,236
8401264,3,0,299
8403880,4,0,327
8405456,4,0,197
8407736,3,0,285
8409256,4,0,190
8410856,4,0,200
8412000,2,0,143
8412408,1,0,51
8413952,4,0,193
8415848,6,0,237
8418128,3,0,285
8419760,1,0,204
8421672,4,0,239
8424880,2,0,401
8427768,6,0,361
8429400,3,0,204
8430544,3,0,143
8432424,3,0,235
8433568,3,0,143
8435464,4,0,237
8436520,1,0,132
8437664,0,0,143
8441928,5,0,533
8443448,3,0,190
8443880,1,0,54
8446328,4,0,306
8449624,5,0,412
8450016,1,0,49
8451192,3,0,147
8452336,3,0,143
8455264,2,0,366
8457736,2,0,309
8459800,2,0,258
8462264,3,0,308
8465568,4,0,413
8467640,2,0,259
8468808,1,0,146
8470552,2,0,218
8473768,6,0,402
8474888,1,0,140
8476536,2,0,206
8479008,3,0,309
8480528,3,0,190
8484160,5,0,454
8486920,3,0,345
8491912,2,0,624
8494424,4,0,314
8496872,3,0,306
8500064,3,0,399
8503104,5,0,380
8504432,2,0,166
8506000,3,0,196
8508280,1,0,285
8509480,1,0,150
8512160,3,0,335
8514152,4,0,249
8516152,4,0,250
8518648,3,0,312
8520440,3,0,224
8521584,3,0,143
8526848,4,0,658
8528480,3,0,204
8531776,3,0,412
8532952,2,0,147
8536664,6,0,464
8537808,3,0,143
8538976,3,0,146
8540136,2,0,145
8543384,3,0,406
8546616,3,0,404
8548128,3,0,189
8551600,3,0,434
8554744,6,0,393
8555984,3,0,155
8557864,3,0,235
8560360,4,0,312
8561120,2,0,95
8565064,3,0,493
8567520,3,0,307
8567904,1,0,48
8569080,2,0,147
8570240,2,0,145
8572128,2,0,236
8575064,2,0,367
8577440,2,0,297
8579384,3,0,243
8579768,0,0,48
8581296,5,0,191
8584896,3,0,450
8586856,2,0,245
8588424,3,0,196
8590488,2,0,258
8592408,2,0,240
8594296,5,0,236
8598400,4,0,513
